packing_slip_number,center_id,city,model,diopter,serial_number,qty,order_date,ship_date,delivery_date,use_date,day_of_the_week_when_used
560588,OCNH,Heerhugowaard,PC545,23,11762966,1,01-09-25,01-09-25,02-09-25,01-09-25,Monday
560588,OCNH,Heerhugowaard,PC545,23,11762938,1,01-09-25,01-09-25,02-09-25,01-09-25,Monday
560588,OCNH,Heerhugowaard,PC545,22,11776447,1,01-09-25,01-09-25,02-09-25,01-09-25,Monday
560588,OCNH,Heerhugowaard,PC545,23,11762984,1,01-09-25,01-09-25,02-09-25,01-09-25,Monday
560588,OCNH,Heerhugowaard,PC545,19,11775671,1,01-09-25,01-09-25,02-09-25,01-09-25,Monday
560588,OCNH,Heerhugowaard,PC545,17,11772033,1,01-09-25,01-09-25,02-09-25,01-09-25,Monday
560588,OCNH,Heerhugowaard,PC545,23.5,11729264,1,01-09-25,01-09-25,02-09-25,01-09-25,Monday
560588,OCNH,Heerhugowaard,PC545,23,11762920,1,01-09-25,01-09-25,02-09-25,01-09-25,Monday
560588,OCNH,Heerhugowaard,PC545,20.5,11775285,1,01-09-25,01-09-25,02-09-25,01-09-25,Monday
560588,OCNH,Heerhugowaard,PC545,22,11776464,1,01-09-25,01-09-25,02-09-25,01-09-25,Monday
560588,OCNH,Heerhugowaard,PC545,18.5,11754243,1,01-09-25,01-09-25,02-09-25,01-09-25,Monday
560588,OCNH,Heerhugowaard,PC545,19,11775672,1,01-09-25,01-09-25,02-09-25,01-09-25,Monday
560588,OCNH,Heerhugowaard,PC545,19.5,11776697,1,01-09-25,01-09-25,02-09-25,01-09-25,Monday
560588,OCNH,Heerhugowaard,PC545,25,11716823,1,01-09-25,01-09-25,02-09-25,01-09-25,Monday
560588,OCNH,Heerhugowaard,PC545,19,11775702,1,01-09-25,01-09-25,02-09-25,01-09-25,Monday
560588,OCNH,Heerhugowaard,PC545,21.5,11782939,1,01-09-25,01-09-25,02-09-25,01-09-25,Monday
560689,OCNH,Heerhugowaard,PC545,22,11776436,1,03-09-25,03-09-25,03-09-25,02-09-25,Tuesday
560689,OCNH,Heerhugowaard,PC545,21,11779202,1,03-09-25,03-09-25,03-09-25,02-09-25,Tuesday
560689,OCNH,Heerhugowaard,PC545,22.5,11764752,1,03-09-25,03-09-25,03-09-25,02-09-25,Tuesday
560689,OCNH,Heerhugowaard,PC545,22,11776433,1,03-09-25,03-09-25,03-09-25,02-09-25,Tuesday
560689,OCNH,Heerhugowaard,PC545,19,11775684,1,03-09-25,03-09-25,03-09-25,02-09-25,Tuesday
560689,OCNH,Heerhugowaard,PC545,20,11767401,1,03-09-25,03-09-25,03-09-25,02-09-25,Tuesday
560689,OCNH,Heerhugowaard,PC545,21,11779250,1,03-09-25,03-09-25,03-09-25,02-09-25,Tuesday
560689,OCNH,Heerhugowaard,PC545,16.5,11772087,1,03-09-25,03-09-25,03-09-25,02-09-25,Tuesday
560689,OCNH,Heerhugowaard,PC545,16.5,11772084,1,03-09-25,03-09-25,03-09-25,02-09-25,Tuesday
560689,OCNH,Heerhugowaard,PC545,20.5,11785269,1,03-09-25,03-09-25,03-09-25,02-09-25,Tuesday
560689,OCNH,Heerhugowaard,PC545,21,11779190,1,03-09-25,03-09-25,03-09-25,02-09-25,Tuesday
560689,OCNH,Heerhugowaard,PC545,16.5,11772085,1,03-09-25,03-09-25,03-09-25,02-09-25,Tuesday
560689,OCNH,Heerhugowaard,PC545,23,11762951,1,03-09-25,03-09-25,03-09-25,02-09-25,Tuesday
560689,OCNH,Heerhugowaard,PC545,20,11776808,1,03-09-25,03-09-25,03-09-25,02-09-25,Tuesday
560689,OCNH,Heerhugowaard,PC545,22,11776439,1,03-09-25,03-09-25,03-09-25,02-09-25,Tuesday
560689,OCNH,Heerhugowaard,PC545,21.5,11782875,1,03-09-25,03-09-25,03-09-25,02-09-25,Tuesday
560689,OCNH,Heerhugowaard,PC545,21.5,11788134,1,03-09-25,03-09-25,03-09-25,02-09-25,Tuesday
560689,OCNH,Heerhugowaard,PC545,20.5,11785317,1,03-09-25,03-09-25,03-09-25,02-09-25,Tuesday
560689,OCNH,Heerhugowaard,PC545,19.5,11776656,1,03-09-25,03-09-25,03-09-25,02-09-25,Tuesday
560743,OCNH,Heerhugowaard,PC545,20,11776819,1,04-09-25,04-09-25,04-09-25,03-09-25,Wednesday
560743,OCNH,Heerhugowaard,PC545,20,11776816,1,04-09-25,04-09-25,04-09-25,03-09-25,Wednesday
560743,OCNH,Heerhugowaard,PC545,16.5,11780832,1,04-09-25,04-09-25,04-09-25,03-09-25,Wednesday
560743,OCNH,Heerhugowaard,PC545,16.5,11780825,1,04-09-25,04-09-25,04-09-25,03-09-25,Wednesday
560743,OCNH,Heerhugowaard,PC545,18.5,11785471,1,04-09-25,04-09-25,04-09-25,03-09-25,Wednesday
560743,OCNH,Heerhugowaard,PC545,20,11767405,1,04-09-25,04-09-25,04-09-25,03-09-25,Wednesday
560743,OCNH,Heerhugowaard,PC545,20,11767421,1,04-09-25,04-09-25,04-09-25,03-09-25,Wednesday
560743,OCNH,Heerhugowaard,PC545,19.5,11776676,1,04-09-25,04-09-25,04-09-25,03-09-25,Wednesday
560743,OCNH,Heerhugowaard,PC545,23,11762987,1,04-09-25,04-09-25,04-09-25,03-09-25,Wednesday
560743,OCNH,Heerhugowaard,PC545,20.5,11785321,1,04-09-25,04-09-25,04-09-25,03-09-25,Wednesday
560743,OCNH,Heerhugowaard,PC545,20.5,11785313,1,04-09-25,04-09-25,04-09-25,03-09-25,Wednesday
560743,OCNH,Heerhugowaard,PC545,23,11762971,1,04-09-25,04-09-25,04-09-25,03-09-25,Wednesday
560743,OCNH,Heerhugowaard,PC545,18.5,11754220,1,04-09-25,04-09-25,04-09-25,03-09-25,Wednesday
560743,OCNH,Heerhugowaard,PC545,17.5,11754107,1,04-09-25,04-09-25,04-09-25,03-09-25,Wednesday
560743,OCNH,Heerhugowaard,PC545,21,11779199,1,04-09-25,04-09-25,04-09-25,03-09-25,Wednesday
560743,OCNH,Heerhugowaard,PC545,21.5,11782879,1,04-09-25,04-09-25,04-09-25,03-09-25,Wednesday
560820,OCNH,Heerhugowaard,PC545,18.5,11785502,1,05-09-25,05-09-25,05-09-25,04-09-25,Thursday
560820,OCNH,Heerhugowaard,PC545,20.5,11785316,1,05-09-25,05-09-25,05-09-25,04-09-25,Thursday
560820,OCNH,Heerhugowaard,PC545,22,11776462,1,05-09-25,05-09-25,05-09-25,04-09-25,Thursday
560820,OCNH,Heerhugowaard,PC545,22.5,11764790,1,05-09-25,05-09-25,05-09-25,04-09-25,Thursday
560820,OCNH,Heerhugowaard,PC545,21.5,11782884,1,05-09-25,05-09-25,05-09-25,04-09-25,Thursday
560820,OCNH,Heerhugowaard,PC545,25,11716880,1,05-09-25,05-09-25,05-09-25,04-09-25,Thursday
560820,OCNH,Heerhugowaard,PC545,22.5,11764818,1,05-09-25,05-09-25,05-09-25,04-09-25,Thursday
560820,OCNH,Heerhugowaard,PC545,22,11776449,1,05-09-25,05-09-25,05-09-25,04-09-25,Thursday
560820,OCNH,Heerhugowaard,PC545,22,11776442,1,05-09-25,05-09-25,05-09-25,04-09-25,Thursday
560820,OCNH,Heerhugowaard,PC545,25,11716894,1,05-09-25,05-09-25,05-09-25,04-09-25,Thursday
560820,OCNH,Heerhugowaard,PC545,23,11760194,1,05-09-25,05-09-25,05-09-25,04-09-25,Thursday
560820,OCNH,Heerhugowaard,PC545,22,11776480,1,05-09-25,05-09-25,05-09-25,04-09-25,Thursday
560820,OCNH,Heerhugowaard,PC545,21,11779223,1,05-09-25,05-09-25,05-09-25,04-09-25,Thursday
560820,OCNH,Heerhugowaard,PC545,20.5,11785294,1,05-09-25,05-09-25,05-09-25,04-09-25,Thursday
560820,OCNH,Heerhugowaard,PC545,25,11716830,1,05-09-25,05-09-25,05-09-25,04-09-25,Thursday
560820,OCNH,Heerhugowaard,PC545,24,11729441,1,05-09-25,05-09-25,05-09-25,04-09-25,Thursday
560820,OCNH,Heerhugowaard,PC545,19,11775696,1,05-09-25,05-09-25,05-09-25,04-09-25,Thursday
560820,OCNH,Heerhugowaard,PC545,18.5,11785504,1,05-09-25,05-09-25,05-09-25,04-09-25,Thursday
560820,OCNH,Heerhugowaard,PC545,20.5,11785266,1,05-09-25,05-09-25,05-09-25,04-09-25,Thursday
560820,OCNH,Heerhugowaard,PC545,16.5,11780781,1,05-09-25,05-09-25,05-09-25,04-09-25,Thursday
560953,OCNH,Heerhugowaard,PC545,19.5,11647827,1,09-09-25,09-09-25,09-09-25,08-09-25,Monday
560953,OCNH,Heerhugowaard,PC545,18.5,11785448,1,09-09-25,09-09-25,09-09-25,08-09-25,Monday
560953,OCNH,Heerhugowaard,PC545,23.5,11765545,1,09-09-25,09-09-25,09-09-25,08-09-25,Monday
560953,OCNH,Heerhugowaard,PC545,23.5,11729292,1,09-09-25,09-09-25,09-09-25,08-09-25,Monday
560953,OCNH,Heerhugowaard,PC545,19.5,11776689,1,09-09-25,09-09-25,09-09-25,08-09-25,Monday
560953,OCNH,Heerhugowaard,PC545,24,11729486,1,09-09-25,09-09-25,09-09-25,08-09-25,Monday
560953,OCNH,Heerhugowaard,PC545,23,11762908,1,09-09-25,09-09-25,09-09-25,08-09-25,Monday
560953,OCNH,Heerhugowaard,PC545,14,11697829,1,09-09-25,09-09-25,09-09-25,08-09-25,Monday
560953,OCNH,Heerhugowaard,PC545,22.5,11764764,1,09-09-25,09-09-25,09-09-25,08-09-25,Monday
560953,OCNH,Heerhugowaard,PC545,23,11762918,1,09-09-25,09-09-25,09-09-25,08-09-25,Monday
560953,OCNH,Heerhugowaard,PC545,20,11776758,1,09-09-25,09-09-25,09-09-25,08-09-25,Monday
560953,OCNH,Heerhugowaard,PC545,16,11693352,1,09-09-25,09-09-25,09-09-25,08-09-25,Monday
560953,OCNH,Heerhugowaard,PC545,28.5,11550347,1,09-09-25,09-09-25,09-09-25,08-09-25,Monday
560953,OCNH,Heerhugowaard,PC545,28,11481685,1,09-09-25,09-09-25,09-09-25,08-09-25,Monday
560953,OCNH,Heerhugowaard,PC545,15,11568819,1,09-09-25,09-09-25,09-09-25,08-09-25,Monday
561043,OCNH,Heerhugowaard,PC545,17,11772041,1,10-09-25,10-09-25,10-09-25,09-09-25,Tuesday
561043,OCNH,Heerhugowaard,PC545,18.5,11785476,1,10-09-25,10-09-25,10-09-25,09-09-25,Tuesday
561043,OCNH,Heerhugowaard,PC545,19.5,11776720,1,10-09-25,10-09-25,10-09-25,09-09-25,Tuesday
561043,OCNH,Heerhugowaard,PC545,20,11776786,1,10-09-25,10-09-25,10-09-25,09-09-25,Tuesday
561043,OCNH,Heerhugowaard,PC545,23,11762965,1,10-09-25,10-09-25,10-09-25,09-09-25,Tuesday
561043,OCNH,Heerhugowaard,PC545,23,11762944,1,10-09-25,10-09-25,10-09-25,09-09-25,Tuesday
561043,OCNH,Heerhugowaard,PC545,20,11776797,1,10-09-25,10-09-25,10-09-25,09-09-25,Tuesday
561043,OCNH,Heerhugowaard,PC545,15.5,11738924,1,10-09-25,10-09-25,10-09-25,09-09-25,Tuesday
561110,OCNH,Heerhugowaard,PC545,17.5,11754085,1,11-09-25,11-09-25,11-09-25,10-09-25,Wednesday
561110,OCNH,Heerhugowaard,PC545,23.5,11765563,1,11-09-25,11-09-25,11-09-25,10-09-25,Wednesday
561110,OCNH,Heerhugowaard,PC545,21.5,11778212,1,11-09-25,11-09-25,11-09-25,10-09-25,Wednesday
561110,OCNH,Heerhugowaard,PC545,19,11775645,1,11-09-25,11-09-25,11-09-25,10-09-25,Wednesday
561110,OCNH,Heerhugowaard,PC545,19,11775650,1,11-09-25,11-09-25,11-09-25,10-09-25,Wednesday
561110,OCNH,Heerhugowaard,PC545,22.5,11764811,1,11-09-25,11-09-25,11-09-25,10-09-25,Wednesday
561110,OCNH,Heerhugowaard,PC545,22.5,11764826,1,11-09-25,11-09-25,11-09-25,10-09-25,Wednesday
561110,OCNH,Heerhugowaard,PC545,12.5,11613045,1,11-09-25,11-09-25,11-09-25,10-09-25,Wednesday
561110,OCNH,Heerhugowaard,PC545,13,11300804,1,11-09-25,11-09-25,11-09-25,10-09-25,Wednesday
561110,OCNH,Heerhugowaard,PC545,19.5,11776682,1,11-09-25,11-09-25,11-09-25,10-09-25,Wednesday
561110,OCNH,Heerhugowaard,PC545,19.5,11776681,1,11-09-25,11-09-25,11-09-25,10-09-25,Wednesday
561110,OCNH,Heerhugowaard,PC545,23,11762931,1,11-09-25,11-09-25,11-09-25,10-09-25,Wednesday
561110,OCNH,Heerhugowaard,PC545,23,11762928,1,11-09-25,11-09-25,11-09-25,10-09-25,Wednesday
561110,OCNH,Heerhugowaard,PC545,22,11776501,1,11-09-25,11-09-25,11-09-25,10-09-25,Wednesday
561110,OCNH,Heerhugowaard,PC545,22,11776479,1,11-09-25,11-09-25,11-09-25,10-09-25,Wednesday
561110,OCNH,Heerhugowaard,PC545,22.5,11764816,1,11-09-25,11-09-25,11-09-25,10-09-25,Wednesday
561110,OCNH,Heerhugowaard,PC545,14.5,11707128,1,11-09-25,11-09-25,11-09-25,10-09-25,Wednesday
561185,OCNH,Heerhugowaard,PC545,21,11779243,1,12-09-25,12-09-25,12-09-25,11-09-25,Thursday
561185,OCNH,Heerhugowaard,PC545,18,11773596,1,12-09-25,12-09-25,12-09-25,11-09-25,Thursday
561185,OCNH,Heerhugowaard,PC545,21,11779225,1,12-09-25,12-09-25,12-09-25,11-09-25,Thursday
561185,OCNH,Heerhugowaard,PC545,21,11779246,1,12-09-25,12-09-25,12-09-25,11-09-25,Thursday
561185,OCNH,Heerhugowaard,PC545,22.5,11764820,1,12-09-25,12-09-25,12-09-25,11-09-25,Thursday
561185,OCNH,Heerhugowaard,PC545,22,11776440,1,12-09-25,12-09-25,12-09-25,11-09-25,Thursday
561185,OCNH,Heerhugowaard,PC545,23,11762986,1,12-09-25,12-09-25,12-09-25,11-09-25,Thursday
561185,OCNH,Heerhugowaard,PC545,21,11779228,1,12-09-25,12-09-25,12-09-25,11-09-25,Thursday
561185,OCNH,Heerhugowaard,PC545,21,11779220,1,12-09-25,12-09-25,12-09-25,11-09-25,Thursday
561185,OCNH,Heerhugowaard,PC545,14.5,11787055,1,12-09-25,12-09-25,12-09-25,11-09-25,Thursday
561253,OCNH,Heerhugowaard,PC545,12.5,11441546,1,15-09-25,15-09-25,15-09-25,13-09-25,Saturday
561253,OCNH,Heerhugowaard,PC545,23,11762937,1,15-09-25,15-09-25,15-09-25,13-09-25,Saturday
561253,OCNH,Heerhugowaard,PC545,21,11785413,1,15-09-25,15-09-25,15-09-25,13-09-25,Saturday
561253,OCNH,Heerhugowaard,PC545,18,11721873,1,15-09-25,15-09-25,15-09-25,13-09-25,Saturday
561253,OCNH,Heerhugowaard,PC545,21.5,11782902,1,15-09-25,15-09-25,15-09-25,13-09-25,Saturday
561253,OCNH,Heerhugowaard,PC545,21,11779249,1,15-09-25,15-09-25,15-09-25,13-09-25,Saturday
561253,OCNH,Heerhugowaard,PC545,20,11776826,1,15-09-25,15-09-25,15-09-25,13-09-25,Saturday
561253,OCNH,Heerhugowaard,PC545,17,11772039,1,15-09-25,15-09-25,15-09-25,13-09-25,Saturday
561253,OCNH,Heerhugowaard,PC545,28,11481647,1,15-09-25,15-09-25,15-09-25,13-09-25,Saturday
561253,OCNH,Heerhugowaard,PC545,21.5,11782892,1,15-09-25,15-09-25,15-09-25,13-09-25,Saturday
561253,OCNH,Heerhugowaard,PC545,18,11721869,1,15-09-25,15-09-25,15-09-25,13-09-25,Saturday
561253,OCNH,Heerhugowaard,PC545,21.5,11782920,1,15-09-25,15-09-25,15-09-25,13-09-25,Saturday
561253,OCNH,Heerhugowaard,PC545,22,11776437,1,15-09-25,15-09-25,15-09-25,13-09-25,Saturday
561253,OCNH,Heerhugowaard,PC545,22.5,11764739,1,15-09-25,15-09-25,15-09-25,13-09-25,Saturday
561253,OCNH,Heerhugowaard,PC545,22,11776422,1,15-09-25,15-09-25,15-09-25,13-09-25,Saturday
561253,OCNH,Heerhugowaard,PC545,21,11779207,1,15-09-25,15-09-25,15-09-25,13-09-25,Saturday
561330,OCNH,Heerhugowaard,PC545,24,11729482,1,16-09-25,16-09-25,16-09-25,15-09-25,Monday
561330,OCNH,Heerhugowaard,PC545,24,11729509,1,16-09-25,16-09-25,16-09-25,15-09-25,Monday
561330,OCNH,Heerhugowaard,PC545,21.5,11782868,1,16-09-25,16-09-25,16-09-25,15-09-25,Monday
561330,OCNH,Heerhugowaard,PC545,21.5,11782861,1,16-09-25,16-09-25,16-09-25,15-09-25,Monday
561330,OCNH,Heerhugowaard,PC545,15.5,11738922,1,16-09-25,16-09-25,16-09-25,15-09-25,Monday
561330,OCNH,Heerhugowaard,PC545,16.5,11780789,1,16-09-25,16-09-25,16-09-25,15-09-25,Monday
561330,OCNH,Heerhugowaard,PC545,17.5,11754097,1,16-09-25,16-09-25,16-09-25,15-09-25,Monday
561330,OCNH,Heerhugowaard,PC545,25,11716873,1,16-09-25,16-09-25,16-09-25,15-09-25,Monday
561330,OCNH,Heerhugowaard,PC545,25.5,11736022,1,16-09-25,16-09-25,16-09-25,15-09-25,Monday
561330,OCNH,Heerhugowaard,PC545,22,11792303,1,16-09-25,16-09-25,16-09-25,15-09-25,Monday
561330,OCNH,Heerhugowaard,PC545,22,11792267,1,16-09-25,16-09-25,16-09-25,15-09-25,Monday
561330,OCNH,Heerhugowaard,PC545,14.5,11787047,1,16-09-25,16-09-25,16-09-25,15-09-25,Monday
561330,OCNH,Heerhugowaard,PC545,15,11782989,1,16-09-25,16-09-25,16-09-25,15-09-25,Monday
561330,OCNH,Heerhugowaard,PC545,24,11729435,1,16-09-25,16-09-25,16-09-25,15-09-25,Monday
561330,OCNH,Heerhugowaard,PC545,20,11776815,1,16-09-25,16-09-25,16-09-25,15-09-25,Monday
561330,OCNH,Heerhugowaard,PC545,20,11767382,1,16-09-25,16-09-25,16-09-25,15-09-25,Monday
561330,OCNH,Heerhugowaard,PC545,20.5,11785306,1,16-09-25,16-09-25,16-09-25,15-09-25,Monday
561330,OCNH,Heerhugowaard,PC545,20.5,11785279,1,16-09-25,16-09-25,16-09-25,15-09-25,Monday
561330,OCNH,Heerhugowaard,PC545,21,11779210,1,16-09-25,16-09-25,16-09-25,15-09-25,Monday
561481,OCNH,Heerhugowaard,PC545,23,11793320,1,18-09-25,18-09-25,18-09-25,17-09-25,Wednesday
561481,OCNH,Heerhugowaard,PC545,19,11775616,1,18-09-25,18-09-25,18-09-25,17-09-25,Wednesday
561481,OCNH,Heerhugowaard,PC545,15.5,11605350,1,18-09-25,18-09-25,18-09-25,17-09-25,Wednesday
561481,OCNH,Heerhugowaard,PC545,22,11792283,1,18-09-25,18-09-25,18-09-25,17-09-25,Wednesday
561481,OCNH,Heerhugowaard,PC545,22,11792325,1,18-09-25,18-09-25,18-09-25,17-09-25,Wednesday
561481,OCNH,Heerhugowaard,PC545,22.5,11764798,1,18-09-25,18-09-25,18-09-25,17-09-25,Wednesday
561481,OCNH,Heerhugowaard,PC545,23,11762940,1,18-09-25,18-09-25,18-09-25,17-09-25,Wednesday
561481,OCNH,Heerhugowaard,PC545,21,11785367,1,18-09-25,18-09-25,18-09-25,17-09-25,Wednesday
561481,OCNH,Heerhugowaard,PC545,22,11792273,1,18-09-25,18-09-25,18-09-25,17-09-25,Wednesday
561481,OCNH,Heerhugowaard,PC545,17,11772016,1,18-09-25,18-09-25,18-09-25,17-09-25,Wednesday
561481,OCNH,Heerhugowaard,PC545,23,11793280,1,18-09-25,18-09-25,18-09-25,17-09-25,Wednesday
561481,OCNH,Heerhugowaard,PC545,21.5,11782909,1,18-09-25,18-09-25,18-09-25,17-09-25,Wednesday
561481,OCNH,Heerhugowaard,PC545,21.5,11782891,1,18-09-25,18-09-25,18-09-25,17-09-25,Wednesday
561481,OCNH,Heerhugowaard,PC545,19,11775628,1,18-09-25,18-09-25,18-09-25,17-09-25,Wednesday
561481,OCNH,Heerhugowaard,PC545,18.5,11785512,1,18-09-25,18-09-25,18-09-25,17-09-25,Wednesday
561481,OCNH,Heerhugowaard,PC545,21,11779229,1,18-09-25,18-09-25,18-09-25,17-09-25,Wednesday
561549,OCNH,Heerhugowaard,PC545,6,11569923,1,19-09-25,19-09-25,19-09-25,18-09-25,Thursday
561549,OCNH,Heerhugowaard,PC545,23.5,11765561,1,19-09-25,19-09-25,19-09-25,18-09-25,Thursday
561549,OCNH,Heerhugowaard,PC545,25.5,11736051,1,19-09-25,19-09-25,19-09-25,18-09-25,Thursday
561549,OCNH,Heerhugowaard,PC545,24.5,11710434,1,19-09-25,19-09-25,19-09-25,18-09-25,Thursday
561549,OCNH,Heerhugowaard,PC545,22,11792302,1,19-09-25,19-09-25,19-09-25,18-09-25,Thursday
561549,OCNH,Heerhugowaard,PC545,22,11792250,1,19-09-25,19-09-25,19-09-25,18-09-25,Thursday
561549,OCNH,Heerhugowaard,PC545,25,11716903,1,19-09-25,19-09-25,19-09-25,18-09-25,Thursday
561549,OCNH,Heerhugowaard,PC545,24.5,11710414,1,19-09-25,19-09-25,19-09-25,18-09-25,Thursday
561549,OCNH,Heerhugowaard,PC545,19.5,11776716,1,19-09-25,19-09-25,19-09-25,18-09-25,Thursday
561549,OCNH,Heerhugowaard,PC545,18.5,11785508,1,19-09-25,19-09-25,19-09-25,18-09-25,Thursday
561549,OCNH,Heerhugowaard,PC545,22,11792277,1,19-09-25,19-09-25,19-09-25,18-09-25,Thursday
561549,OCNH,Heerhugowaard,PC545,21,11779257,1,19-09-25,19-09-25,19-09-25,18-09-25,Thursday
561549,OCNH,Heerhugowaard,PC545,20.5,11785250,1,19-09-25,19-09-25,19-09-25,18-09-25,Thursday
561549,OCNH,Heerhugowaard,PC545,19,11775629,1,19-09-25,19-09-25,19-09-25,18-09-25,Thursday
561696,OCNH,Heerhugowaard,PC545,21.5,11782882,1,23-09-25,23-09-25,23-09-25,22-09-25,Monday
561696,OCNH,Heerhugowaard,PC545,22,11792271,1,23-09-25,23-09-25,23-09-25,22-09-25,Monday
561696,OCNH,Heerhugowaard,PC545,19,11775617,1,23-09-25,23-09-25,23-09-25,22-09-25,Monday
561696,OCNH,Heerhugowaard,PC545,20.5,11785320,1,23-09-25,23-09-25,23-09-25,22-09-25,Monday
561696,OCNH,Heerhugowaard,PC545,19.5,11776628,1,23-09-25,23-09-25,23-09-25,22-09-25,Monday
561696,OCNH,Heerhugowaard,PC545,18.5,11785477,1,23-09-25,23-09-25,23-09-25,22-09-25,Monday
561696,OCNH,Heerhugowaard,PC545,20,11776783,1,23-09-25,23-09-25,23-09-25,22-09-25,Monday
561696,OCNH,Heerhugowaard,PC545,20,11776765,1,23-09-25,23-09-25,23-09-25,22-09-25,Monday
561696,OCNH,Heerhugowaard,PC545,20.5,11785308,1,23-09-25,23-09-25,23-09-25,22-09-25,Monday
561696,OCNH,Heerhugowaard,PC545,21,11779254,1,23-09-25,23-09-25,23-09-25,22-09-25,Monday
561696,OCNH,Heerhugowaard,PC545,21.5,11782866,1,23-09-25,23-09-25,23-09-25,22-09-25,Monday
561696,OCNH,Heerhugowaard,PC545,18.5,11785457,1,23-09-25,23-09-25,23-09-25,22-09-25,Monday
561696,OCNH,Heerhugowaard,PC545,17,11772069,1,23-09-25,23-09-25,23-09-25,22-09-25,Monday
561696,OCNH,Heerhugowaard,PC545,22.5,11764787,1,23-09-25,23-09-25,23-09-25,22-09-25,Monday
561696,OCNH,Heerhugowaard,PC545,23.5,11765531,1,23-09-25,23-09-25,23-09-25,22-09-25,Monday
561696,OCNH,Heerhugowaard,PC545,19.5,11776706,1,23-09-25,23-09-25,23-09-25,22-09-25,Monday
561696,OCNH,Heerhugowaard,PC545,19.5,11776692,1,23-09-25,23-09-25,23-09-25,22-09-25,Monday
561799,OCNH,Heerhugowaard,PC545,26,11571028,1,24-09-25,24-09-25,24-09-25,23-09-25,Tuesday
561799,OCNH,Heerhugowaard,PC545,28,11481658,1,24-09-25,24-09-25,24-09-25,23-09-25,Tuesday
561799,OCNH,Heerhugowaard,PC545,25,11716862,1,24-09-25,24-09-25,24-09-25,23-09-25,Tuesday
561799,OCNH,Heerhugowaard,PC545,19,11775640,1,24-09-25,24-09-25,24-09-25,23-09-25,Tuesday
561799,OCNH,Heerhugowaard,PC545,19.5,11776650,1,24-09-25,24-09-25,24-09-25,23-09-25,Tuesday
561799,OCNH,Heerhugowaard,PC545,21.5,11782901,1,24-09-25,24-09-25,24-09-25,23-09-25,Tuesday
561799,OCNH,Heerhugowaard,PC545,18.5,11785487,1,24-09-25,24-09-25,24-09-25,23-09-25,Tuesday
561799,OCNH,Heerhugowaard,PC545,27.5,11634469,1,24-09-25,24-09-25,24-09-25,23-09-25,Tuesday
561799,OCNH,Heerhugowaard,PC545,22,11792306,1,24-09-25,24-09-25,24-09-25,23-09-25,Tuesday
561799,OCNH,Heerhugowaard,PC545,21.5,11782883,1,24-09-25,24-09-25,24-09-25,23-09-25,Tuesday
561799,OCNH,Heerhugowaard,PC545,31,11209920,1,24-09-25,24-09-25,24-09-25,23-09-25,Tuesday
561799,OCNH,Heerhugowaard,PC545,32,11285406,1,24-09-25,24-09-25,24-09-25,23-09-25,Tuesday
561799,OCNH,Heerhugowaard,PC545,25,11716908,1,24-09-25,24-09-25,24-09-25,23-09-25,Tuesday
561799,OCNH,Heerhugowaard,PC545,26,11571056,1,24-09-25,24-09-25,24-09-25,23-09-25,Tuesday
561868,OCNH,Heerhugowaard,PC545,19,11775643,1,25-09-25,25-09-25,25-09-25,24-09-25,Wednesday
561868,OCNH,Heerhugowaard,PC545,18,11721909,1,25-09-25,25-09-25,25-09-25,24-09-25,Wednesday
561868,OCNH,Heerhugowaard,PC545,19.5,11776667,1,25-09-25,25-09-25,25-09-25,24-09-25,Wednesday
561868,OCNH,Heerhugowaard,PC545,21,11779208,1,25-09-25,25-09-25,25-09-25,24-09-25,Wednesday
561868,OCNH,Heerhugowaard,PC545,20,11776769,1,25-09-25,25-09-25,25-09-25,24-09-25,Wednesday
561868,OCNH,Heerhugowaard,PC545,19.5,11776637,1,25-09-25,25-09-25,25-09-25,24-09-25,Wednesday
561868,OCNH,Heerhugowaard,PC545,19,11775644,1,25-09-25,25-09-25,25-09-25,24-09-25,Wednesday
561868,OCNH,Heerhugowaard,PC545,17.5,11754100,1,25-09-25,25-09-25,25-09-25,24-09-25,Wednesday
561868,OCNH,Heerhugowaard,PC545,20,11776828,1,25-09-25,25-09-25,25-09-25,24-09-25,Wednesday
561868,OCNH,Heerhugowaard,PC545,22.5,11787091,1,25-09-25,25-09-25,25-09-25,24-09-25,Wednesday
561868,OCNH,Heerhugowaard,PC545,18.5,11785536,1,25-09-25,25-09-25,25-09-25,24-09-25,Wednesday
561868,OCNH,Heerhugowaard,PC545,22.5,11787125,1,25-09-25,25-09-25,25-09-25,24-09-25,Wednesday
561868,OCNH,Heerhugowaard,PC545,24.5,11710433,1,25-09-25,25-09-25,25-09-25,24-09-25,Wednesday
561868,OCNH,Heerhugowaard,PC545,18.5,11785490,1,25-09-25,25-09-25,25-09-25,24-09-25,Wednesday
561868,OCNH,Heerhugowaard,PC545,17.5,11754094,1,25-09-25,25-09-25,25-09-25,24-09-25,Wednesday
561868,OCNH,Heerhugowaard,PC545,20.5,11785259,1,25-09-25,25-09-25,25-09-25,24-09-25,Wednesday
561868,OCNH,Heerhugowaard,PC545,19,11775614,1,25-09-25,25-09-25,25-09-25,24-09-25,Wednesday
561932,OCNH,Heerhugowaard,PC545,20.5,11785315,1,25-09-25,25-09-25,26-09-25,25-09-25,Thursday
561932,OCNH,Heerhugowaard,PC545,20.5,11785273,1,25-09-25,25-09-25,26-09-25,25-09-25,Thursday
561932,OCNH,Heerhugowaard,PC545,24,11729495,1,25-09-25,25-09-25,26-09-25,25-09-25,Thursday
561932,OCNH,Heerhugowaard,PC545,25,11716888,1,25-09-25,25-09-25,26-09-25,25-09-25,Thursday
561932,OCNH,Heerhugowaard,PC545,22,11792296,1,25-09-25,25-09-25,26-09-25,25-09-25,Thursday
561932,OCNH,Heerhugowaard,PC545,21.5,11788137,1,25-09-25,25-09-25,26-09-25,25-09-25,Thursday
561932,OCNH,Heerhugowaard,PC545,22.5,11787147,1,25-09-25,25-09-25,26-09-25,25-09-25,Thursday
562021,OCNH,Heerhugowaard,PC545,21,11785400,1,29-09-25,29-09-25,29-09-25,27-09-25,Saturday
562021,OCNH,Heerhugowaard,PC545,21,11785366,1,29-09-25,29-09-25,29-09-25,27-09-25,Saturday
562021,OCNH,Heerhugowaard,PC545,17.5,11754105,1,29-09-25,29-09-25,29-09-25,27-09-25,Saturday
562021,OCNH,Heerhugowaard,PC545,16,11693344,1,29-09-25,29-09-25,29-09-25,27-09-25,Saturday
562021,OCNH,Heerhugowaard,PC545,25,11716849,1,29-09-25,29-09-25,29-09-25,27-09-25,Saturday
562021,OCNH,Heerhugowaard,PC545,26.5,11774702,1,29-09-25,29-09-25,29-09-25,27-09-25,Saturday
562021,OCNH,Heerhugowaard,PC545,22,11792262,1,29-09-25,29-09-25,29-09-25,27-09-25,Saturday
562021,OCNH,Heerhugowaard,PC545,14.5,11787074,1,29-09-25,29-09-25,29-09-25,27-09-25,Saturday
562021,OCNH,Heerhugowaard,PC545,16,11693328,1,29-09-25,29-09-25,29-09-25,27-09-25,Saturday
562021,OCNH,Heerhugowaard,PC545,19.5,11776698,1,29-09-25,29-09-25,29-09-25,27-09-25,Saturday
562021,OCNH,Heerhugowaard,PC545,22,11792284,1,29-09-25,29-09-25,29-09-25,27-09-25,Saturday
562021,OCNH,Heerhugowaard,PC545,23,11793337,1,29-09-25,29-09-25,29-09-25,27-09-25,Saturday
562021,OCNH,Heerhugowaard,PC545,23,11793350,1,29-09-25,29-09-25,29-09-25,27-09-25,Saturday
562021,OCNH,Heerhugowaard,PC545,24,11729437,1,29-09-25,29-09-25,29-09-25,27-09-25,Saturday
562021,OCNH,Heerhugowaard,PC545,21.5,11788163,1,29-09-25,29-09-25,29-09-25,27-09-25,Saturday
562021,OCNH,Heerhugowaard,PC545,23,11793349,1,29-09-25,29-09-25,29-09-25,27-09-25,Saturday
562087,OCNH,Heerhugowaard,PC545,20.5,11785242,1,29-09-25,29-09-25,30-09-25,29-09-25,Monday
562087,OCNH,Heerhugowaard,PC545,14,11697857,1,29-09-25,29-09-25,30-09-25,29-09-25,Monday
562087,OCNH,Heerhugowaard,PC545,14,11697856,1,29-09-25,29-09-25,30-09-25,29-09-25,Monday
562087,OCNH,Heerhugowaard,PC545,22.5,11787155,1,29-09-25,29-09-25,30-09-25,29-09-25,Monday
562087,OCNH,Heerhugowaard,PC545,24.5,11710468,1,29-09-25,29-09-25,30-09-25,29-09-25,Monday
562087,OCNH,Heerhugowaard,PC545,20.5,11785252,1,29-09-25,29-09-25,30-09-25,29-09-25,Monday
562087,OCNH,Heerhugowaard,PC545,22.5,11787149,1,29-09-25,29-09-25,30-09-25,29-09-25,Monday
562087,OCNH,Heerhugowaard,PC545,20,11776794,1,29-09-25,29-09-25,30-09-25,29-09-25,Monday
562087,OCNH,Heerhugowaard,PC545,21,11785364,1,29-09-25,29-09-25,30-09-25,29-09-25,Monday
562087,OCNH,Heerhugowaard,PC545,19,11786304,1,29-09-25,29-09-25,30-09-25,29-09-25,Monday
562087,OCNH,Heerhugowaard,PC545,23,11793304,1,29-09-25,29-09-25,30-09-25,29-09-25,Monday
562087,OCNH,Heerhugowaard,PC545,19,11775655,1,29-09-25,29-09-25,30-09-25,29-09-25,Monday
562087,OCNH,Heerhugowaard,PC545,23,11793289,1,29-09-25,29-09-25,30-09-25,29-09-25,Monday
562205,OCNH,Heerhugowaard,PC545,23,11793338,1,01-10-25,01-10-25,01-10-25,30-09-25,Tuesday
562205,OCNH,Heerhugowaard,PC545,23,11793300,1,01-10-25,01-10-25,01-10-25,30-09-25,Tuesday
562205,OCNH,Heerhugowaard,PC545,23.5,11765565,1,01-10-25,01-10-25,01-10-25,30-09-25,Tuesday
562205,OCNH,Heerhugowaard,PC545,23.5,11765525,1,01-10-25,01-10-25,01-10-25,30-09-25,Tuesday
562205,OCNH,Heerhugowaard,PC545,22.5,11787168,1,01-10-25,01-10-25,01-10-25,30-09-25,Tuesday
562205,OCNH,Heerhugowaard,PC545,23,11793327,1,01-10-25,01-10-25,01-10-25,30-09-25,Tuesday
562205,OCNH,Heerhugowaard,PC545,19,11775613,1,01-10-25,01-10-25,01-10-25,30-09-25,Tuesday
562205,OCNH,Heerhugowaard,PC545,21.5,11788191,1,01-10-25,01-10-25,01-10-25,30-09-25,Tuesday
562205,OCNH,Heerhugowaard,PC545,25,11716843,1,01-10-25,01-10-25,01-10-25,30-09-25,Tuesday
562205,OCNH,Heerhugowaard,PC545,22.5,11787102,1,01-10-25,01-10-25,01-10-25,30-09-25,Tuesday
562205,OCNH,Heerhugowaard,PC545,22,11792275,1,01-10-25,01-10-25,01-10-25,30-09-25,Tuesday
562205,OCNH,Heerhugowaard,PC545,23,11793324,1,01-10-25,01-10-25,01-10-25,30-09-25,Tuesday
562205,OCNH,Heerhugowaard,PC545,17,11771991,1,01-10-25,01-10-25,01-10-25,30-09-25,Tuesday
562205,OCNH,Heerhugowaard,PC545,17,11759252,1,01-10-25,01-10-25,01-10-25,30-09-25,Tuesday
562273,OCNH,Heerhugowaard,PC545,21,11779269,1,02-10-25,02-10-25,02-10-25,01-10-25,Wednesday
562273,OCNH,Heerhugowaard,PC545,19,11786324,1,02-10-25,02-10-25,02-10-25,01-10-25,Wednesday
562273,OCNH,Heerhugowaard,PC545,21.5,11788190,1,02-10-25,02-10-25,02-10-25,01-10-25,Wednesday
562273,OCNH,Heerhugowaard,PC545,31,11209936,1,02-10-25,02-10-25,02-10-25,01-10-25,Wednesday
562273,OCNH,Heerhugowaard,PC545,21.5,11788124,1,02-10-25,02-10-25,02-10-25,01-10-25,Wednesday
562273,OCNH,Heerhugowaard,PC545,14.5,11787049,1,02-10-25,02-10-25,02-10-25,01-10-25,Wednesday
562273,OCNH,Heerhugowaard,PC545,15,11782982,1,02-10-25,02-10-25,02-10-25,01-10-25,Wednesday
562273,OCNH,Heerhugowaard,PC545,17.5,11754092,1,02-10-25,02-10-25,02-10-25,01-10-25,Wednesday
562273,OCNH,Heerhugowaard,PC545,16.5,11780795,1,02-10-25,02-10-25,02-10-25,01-10-25,Wednesday
562273,OCNH,Heerhugowaard,PC545,17.5,11754067,1,02-10-25,02-10-25,02-10-25,01-10-25,Wednesday
562273,OCNH,Heerhugowaard,PC545,19,11786325,1,02-10-25,02-10-25,02-10-25,01-10-25,Wednesday
562273,OCNH,Heerhugowaard,PC545,20.5,11785262,1,02-10-25,02-10-25,02-10-25,01-10-25,Wednesday
562273,OCNH,Heerhugowaard,PC545,18.5,11785472,1,02-10-25,02-10-25,02-10-25,01-10-25,Wednesday
562273,OCNH,Heerhugowaard,PC545,18.5,11785458,1,02-10-25,02-10-25,02-10-25,01-10-25,Wednesday
562273,OCNH,Heerhugowaard,PC545,18,11721949,1,02-10-25,02-10-25,02-10-25,01-10-25,Wednesday
562273,OCNH,Heerhugowaard,PC545,15,11782941,1,02-10-25,02-10-25,02-10-25,01-10-25,Wednesday
562273,OCNH,Heerhugowaard,PC545,20,11776820,1,02-10-25,02-10-25,02-10-25,01-10-25,Wednesday
562273,OCNH,Heerhugowaard,PC545,23,11793318,1,02-10-25,02-10-25,02-10-25,01-10-25,Wednesday
562273,OCNH,Heerhugowaard,PC545,18,11721907,1,02-10-25,02-10-25,02-10-25,01-10-25,Wednesday
562364,OCNH,Heerhugowaard,PC545,18.5,11785511,1,03-10-25,03-10-25,03-10-25,02-10-25,Thursday
562364,OCNH,Heerhugowaard,PC545,16,11693347,1,03-10-25,03-10-25,03-10-25,02-10-25,Thursday
562364,OCNH,Heerhugowaard,PC545,25.5,11736047,1,03-10-25,03-10-25,03-10-25,02-10-25,Thursday
562364,OCNH,Heerhugowaard,PC545,25,11716892,1,03-10-25,03-10-25,03-10-25,02-10-25,Thursday
562364,OCNH,Heerhugowaard,PC545,22,11792265,1,03-10-25,03-10-25,03-10-25,02-10-25,Thursday
562364,OCNH,Heerhugowaard,PC545,23,11793347,1,03-10-25,03-10-25,03-10-25,02-10-25,Thursday
562364,OCNH,Heerhugowaard,PC545,20,11776811,1,03-10-25,03-10-25,03-10-25,02-10-25,Thursday
562364,OCNH,Heerhugowaard,PC545,20.5,11785299,1,03-10-25,03-10-25,03-10-25,02-10-25,Thursday
562364,OCNH,Heerhugowaard,PC545,21.5,11788173,1,03-10-25,03-10-25,03-10-25,02-10-25,Thursday
562364,OCNH,Heerhugowaard,PC545,24,11729438,1,03-10-25,03-10-25,03-10-25,02-10-25,Thursday
562364,OCNH,Heerhugowaard,PC545,20,11776782,1,03-10-25,03-10-25,03-10-25,02-10-25,Thursday
562364,OCNH,Heerhugowaard,PC545,22.5,11787115,1,03-10-25,03-10-25,03-10-25,02-10-25,Thursday
562364,OCNH,Heerhugowaard,PC545,22.5,11787164,1,03-10-25,03-10-25,03-10-25,02-10-25,Thursday
562421,OCNH,Heerhugowaard,PC545,14.5,11787051,1,06-10-25,06-10-25,07-10-25,04-10-25,Saturday
562421,OCNH,Heerhugowaard,PC545,15,11782965,1,06-10-25,06-10-25,07-10-25,04-10-25,Saturday
562421,OCNH,Heerhugowaard,PC545,21,11779193,1,06-10-25,06-10-25,07-10-25,04-10-25,Saturday
562421,OCNH,Heerhugowaard,PC545,20.5,11794822,1,06-10-25,06-10-25,07-10-25,04-10-25,Saturday
562421,OCNH,Heerhugowaard,PC545,15.5,11738946,1,06-10-25,06-10-25,07-10-25,04-10-25,Saturday
562421,OCNH,Heerhugowaard,PC545,22,11792270,1,06-10-25,06-10-25,07-10-25,04-10-25,Saturday
562421,OCNH,Heerhugowaard,PC545,18,11721959,1,06-10-25,06-10-25,07-10-25,04-10-25,Saturday
562421,OCNH,Heerhugowaard,PC545,17.5,11754148,1,06-10-25,06-10-25,07-10-25,04-10-25,Saturday
562421,OCNH,Heerhugowaard,PC545,21.5,11782907,1,06-10-25,06-10-25,07-10-25,04-10-25,Saturday
562421,OCNH,Heerhugowaard,PC545,18.5,11785513,1,06-10-25,06-10-25,07-10-25,04-10-25,Saturday
562421,OCNH,Heerhugowaard,PC545,25.5,11736065,1,06-10-25,06-10-25,07-10-25,04-10-25,Saturday
562421,OCNH,Heerhugowaard,PC545,14.5,11787042,1,06-10-25,06-10-25,07-10-25,04-10-25,Saturday
562421,OCNH,Heerhugowaard,PC545,14,11697839,1,06-10-25,06-10-25,07-10-25,04-10-25,Saturday
562421,OCNH,Heerhugowaard,PC545,16.5,11780862,1,06-10-25,06-10-25,07-10-25,04-10-25,Saturday
562421,OCNH,Heerhugowaard,PC545,16,11693334,1,06-10-25,06-10-25,07-10-25,04-10-25,Saturday
562421,OCNH,Heerhugowaard,PC545,16.5,11780843,1,06-10-25,06-10-25,07-10-25,04-10-25,Saturday
562505,OCNH,Heerhugowaard,PC545,20.5,11794813,1,07-10-25,07-10-25,07-10-25,06-10-25,Monday
562505,OCNH,Heerhugowaard,PC545,22,11792324,1,07-10-25,07-10-25,07-10-25,06-10-25,Monday
562505,OCNH,Heerhugowaard,PC545,25,11716838,1,07-10-25,07-10-25,07-10-25,06-10-25,Monday
562505,OCNH,Heerhugowaard,PC545,25,11716909,1,07-10-25,07-10-25,07-10-25,06-10-25,Monday
562505,OCNH,Heerhugowaard,PC545,19,11786358,1,07-10-25,07-10-25,07-10-25,06-10-25,Monday
562505,OCNH,Heerhugowaard,PC545,23,11793297,1,07-10-25,07-10-25,07-10-25,06-10-25,Monday
562505,OCNH,Heerhugowaard,PC545,23,11793312,1,07-10-25,07-10-25,07-10-25,06-10-25,Monday
562505,OCNH,Heerhugowaard,PC545,23.5,11765483,1,07-10-25,07-10-25,07-10-25,06-10-25,Monday
562505,OCNH,Heerhugowaard,PC545,20.5,11794819,1,07-10-25,07-10-25,07-10-25,06-10-25,Monday
562505,OCNH,Heerhugowaard,PC545,25.5,11736045,1,07-10-25,07-10-25,07-10-25,06-10-25,Monday
562505,OCNH,Heerhugowaard,PC545,21,11785355,1,07-10-25,07-10-25,07-10-25,06-10-25,Monday
562505,OCNH,Heerhugowaard,PC545,20.5,11794818,1,07-10-25,07-10-25,07-10-25,06-10-25,Monday
562505,OCNH,Heerhugowaard,PC545,18,11773609,1,07-10-25,07-10-25,07-10-25,06-10-25,Monday
562505,OCNH,Heerhugowaard,PC545,18.5,11785515,1,07-10-25,07-10-25,07-10-25,06-10-25,Monday
562695,OCNH,Heerhugowaard,PC545,20.5,11794866,1,09-10-25,09-10-25,09-10-25,08-10-25,Wednesday
562695,OCNH,Heerhugowaard,PC545,17.5,11754159,1,09-10-25,09-10-25,09-10-25,08-10-25,Wednesday
562695,OCNH,Heerhugowaard,PC545,19.5,11776634,1,09-10-25,09-10-25,09-10-25,08-10-25,Wednesday
562695,OCNH,Heerhugowaard,PC545,22,11792278,1,09-10-25,09-10-25,09-10-25,08-10-25,Wednesday
562695,OCNH,Heerhugowaard,PC545,16.5,11780829,1,09-10-25,09-10-25,09-10-25,08-10-25,Wednesday
562695,OCNH,Heerhugowaard,PC545,23,11793308,1,09-10-25,09-10-25,09-10-25,08-10-25,Wednesday
562695,OCNH,Heerhugowaard,PC545,18,11773615,1,09-10-25,09-10-25,09-10-25,08-10-25,Wednesday
562695,OCNH,Heerhugowaard,PC545,19.5,11776641,1,09-10-25,09-10-25,09-10-25,08-10-25,Wednesday
562695,OCNH,Heerhugowaard,PC545,18.5,11785516,1,09-10-25,09-10-25,09-10-25,08-10-25,Wednesday
562695,OCNH,Heerhugowaard,PC545,19,11786307,1,09-10-25,09-10-25,09-10-25,08-10-25,Wednesday
562695,OCNH,Heerhugowaard,PC545,20,11776761,1,09-10-25,09-10-25,09-10-25,08-10-25,Wednesday
562695,OCNH,Heerhugowaard,PC545,25,11716893,1,09-10-25,09-10-25,09-10-25,08-10-25,Wednesday
562695,OCNH,Heerhugowaard,PC545,28,11481663,1,09-10-25,09-10-25,09-10-25,08-10-25,Wednesday
562695,OCNH,Heerhugowaard,PC545,18,11773612,1,09-10-25,09-10-25,09-10-25,08-10-25,Wednesday
562695,OCNH,Heerhugowaard,PC545,23,11793354,1,09-10-25,09-10-25,09-10-25,08-10-25,Wednesday
562695,OCNH,Heerhugowaard,PC545,23,11793303,1,09-10-25,09-10-25,09-10-25,08-10-25,Wednesday
562695,OCNH,Heerhugowaard,PC545,22,11792254,1,09-10-25,09-10-25,09-10-25,08-10-25,Wednesday
562781,OCNH,Heerhugowaard,PC545,20.5,11794859,1,10-10-25,10-10-25,10-10-25,09-10-25,Thursday
562781,OCNH,Heerhugowaard,PC545,15,11782946,1,10-10-25,10-10-25,10-10-25,09-10-25,Thursday
562781,OCNH,Heerhugowaard,PC545,15,11568809,1,10-10-25,10-10-25,10-10-25,09-10-25,Thursday
562781,OCNH,Heerhugowaard,PC545,22,11792249,1,10-10-25,10-10-25,10-10-25,09-10-25,Thursday
562781,OCNH,Heerhugowaard,PC545,25.5,11736048,1,10-10-25,10-10-25,10-10-25,09-10-25,Thursday
562781,OCNH,Heerhugowaard,PC545,23,11793294,1,10-10-25,10-10-25,10-10-25,09-10-25,Thursday
562781,OCNH,Heerhugowaard,PC545,20,11776773,1,10-10-25,10-10-25,10-10-25,09-10-25,Thursday
562781,OCNH,Heerhugowaard,PC545,21,11785394,1,10-10-25,10-10-25,10-10-25,09-10-25,Thursday
562781,OCNH,Heerhugowaard,PC545,23,11793276,1,10-10-25,10-10-25,10-10-25,09-10-25,Thursday
562781,OCNH,Heerhugowaard,PC545,22.5,11787165,1,10-10-25,10-10-25,10-10-25,09-10-25,Thursday
562781,OCNH,Heerhugowaard,PC545,23,11793332,1,10-10-25,10-10-25,10-10-25,09-10-25,Thursday
562781,OCNH,Heerhugowaard,PC545,25.5,11736095,1,10-10-25,10-10-25,10-10-25,09-10-25,Thursday
562781,OCNH,Heerhugowaard,PC545,22,11792309,1,10-10-25,10-10-25,10-10-25,09-10-25,Thursday
562781,OCNH,Heerhugowaard,PC545,22,11791963,1,10-10-25,10-10-25,10-10-25,09-10-25,Thursday
562781,OCNH,Heerhugowaard,PC545,22.5,11787166,1,10-10-25,10-10-25,10-10-25,09-10-25,Thursday
562781,OCNH,Heerhugowaard,PC545,19,11786326,1,10-10-25,10-10-25,10-10-25,09-10-25,Thursday
562781,OCNH,Heerhugowaard,PC545,20,11776795,1,10-10-25,10-10-25,10-10-25,09-10-25,Thursday
562781,OCNH,Heerhugowaard,PC545,23.5,11765512,1,10-10-25,10-10-25,10-10-25,09-10-25,Thursday
562841,OCNH,Heerhugowaard,PC545,22.5,11787139,1,10-10-25,10-10-25,13-10-25,10-10-25,Friday
562841,OCNH,Heerhugowaard,PC545,22,11792259,1,10-10-25,10-10-25,13-10-25,10-10-25,Friday
562841,OCNH,Heerhugowaard,PC545,20,11776772,1,10-10-25,10-10-25,13-10-25,10-10-25,Friday
562841,OCNH,Heerhugowaard,PC545,19.5,11776714,1,10-10-25,10-10-25,13-10-25,10-10-25,Friday
562841,OCNH,Heerhugowaard,PC545,23,11798953,1,10-10-25,10-10-25,13-10-25,10-10-25,Friday
562841,OCNH,Heerhugowaard,PC545,20.5,11794851,1,10-10-25,10-10-25,13-10-25,10-10-25,Friday
562841,OCNH,Heerhugowaard,PC545,24,11776562,1,10-10-25,10-10-25,13-10-25,10-10-25,Friday
562841,OCNH,Heerhugowaard,PC545,24,11776517,1,10-10-25,10-10-25,13-10-25,10-10-25,Friday
562841,OCNH,Heerhugowaard,PC545,20.5,11794802,1,10-10-25,10-10-25,13-10-25,10-10-25,Friday
562841,OCNH,Heerhugowaard,PC545,20.5,11794869,1,10-10-25,10-10-25,13-10-25,10-10-25,Friday
562841,OCNH,Heerhugowaard,PC545,20,11776771,1,10-10-25,10-10-25,13-10-25,10-10-25,Friday
562841,OCNH,Heerhugowaard,PC545,23,11798957,1,10-10-25,10-10-25,13-10-25,10-10-25,Friday
562841,OCNH,Heerhugowaard,PC545,23.5,11765491,1,10-10-25,10-10-25,13-10-25,10-10-25,Friday
562841,OCNH,Heerhugowaard,PC545,21.5,11782849,1,10-10-25,10-10-25,13-10-25,10-10-25,Friday
562841,OCNH,Heerhugowaard,PC545,23,11798992,1,10-10-25,10-10-25,13-10-25,10-10-25,Friday
562841,OCNH,Heerhugowaard,PC545,12.5,11613042,1,10-10-25,10-10-25,13-10-25,10-10-25,Friday
562841,OCNH,Heerhugowaard,PC545,22.5,11787101,1,10-10-25,10-10-25,13-10-25,10-10-25,Friday
562841,OCNH,Heerhugowaard,PC545,25.5,11736055,1,10-10-25,10-10-25,13-10-25,10-10-25,Friday
562841,OCNH,Heerhugowaard,PC545,21,11804568,1,10-10-25,10-10-25,13-10-25,10-10-25,Friday
562920,OCNH,Heerhugowaard,PC545,21.5,11788126,1,14-10-25,14-10-25,14-10-25,13-10-25,Monday
562920,OCNH,Heerhugowaard,PC545,21.5,11788168,1,14-10-25,14-10-25,14-10-25,13-10-25,Monday
562920,OCNH,Heerhugowaard,PC545,19,11786300,1,14-10-25,14-10-25,14-10-25,13-10-25,Monday
562920,OCNH,Heerhugowaard,PC545,17.5,11754102,1,14-10-25,14-10-25,14-10-25,13-10-25,Monday
562920,OCNH,Heerhugowaard,PC545,17,11772067,1,14-10-25,14-10-25,14-10-25,13-10-25,Monday
562920,OCNH,Heerhugowaard,PC545,19,11786347,1,14-10-25,14-10-25,14-10-25,13-10-25,Monday
562920,OCNH,Heerhugowaard,PC545,22,11792328,1,14-10-25,14-10-25,14-10-25,13-10-25,Monday
562920,OCNH,Heerhugowaard,PC545,22,11792320,1,14-10-25,14-10-25,14-10-25,13-10-25,Monday
562920,OCNH,Heerhugowaard,PC545,22.5,11787118,1,14-10-25,14-10-25,14-10-25,13-10-25,Monday
562920,OCNH,Heerhugowaard,PC545,19,11786306,1,14-10-25,14-10-25,14-10-25,13-10-25,Monday
562920,OCNH,Heerhugowaard,PC545,18,11721866,1,14-10-25,14-10-25,14-10-25,13-10-25,Monday
562920,OCNH,Heerhugowaard,PC545,22,11792287,1,14-10-25,14-10-25,14-10-25,13-10-25,Monday
562920,OCNH,Heerhugowaard,PC545,19.5,11776644,1,14-10-25,14-10-25,14-10-25,13-10-25,Monday
562920,OCNH,Heerhugowaard,PC545,19.5,11789314,1,14-10-25,14-10-25,14-10-25,13-10-25,Monday
562920,OCNH,Heerhugowaard,PC545,23,11798975,1,14-10-25,14-10-25,14-10-25,13-10-25,Monday
562920,OCNH,Heerhugowaard,PC545,19.5,11776702,1,14-10-25,14-10-25,14-10-25,13-10-25,Monday
562920,OCNH,Heerhugowaard,PC545,18.5,11785530,1,14-10-25,14-10-25,14-10-25,13-10-25,Monday
562920,OCNH,Heerhugowaard,PC545,35,11040961,1,14-10-25,14-10-25,14-10-25,13-10-25,Monday
563001,OCNH,Heerhugowaard,PC545,25,11716898,1,15-10-25,15-10-25,15-10-25,14-10-25,Tuesday
563001,OCNH,Heerhugowaard,PC545,21.5,11796732,1,15-10-25,15-10-25,15-10-25,14-10-25,Tuesday
563001,OCNH,Heerhugowaard,PC545,24,11776513,1,15-10-25,15-10-25,15-10-25,14-10-25,Tuesday
563001,OCNH,Heerhugowaard,PC545,19,11786321,1,15-10-25,15-10-25,15-10-25,14-10-25,Tuesday
563001,OCNH,Heerhugowaard,PC545,16,11783077,1,15-10-25,15-10-25,15-10-25,14-10-25,Tuesday
563001,OCNH,Heerhugowaard,PC545,17,11771990,1,15-10-25,15-10-25,15-10-25,14-10-25,Tuesday
563001,OCNH,Heerhugowaard,PC545,21.5,11788199,1,15-10-25,15-10-25,15-10-25,14-10-25,Tuesday
563001,OCNH,Heerhugowaard,PC545,20.5,11794811,1,15-10-25,15-10-25,15-10-25,14-10-25,Tuesday
563001,OCNH,Heerhugowaard,PC545,20,11793162,1,15-10-25,15-10-25,15-10-25,14-10-25,Tuesday
563001,OCNH,Heerhugowaard,PC545,23,11798954,1,15-10-25,15-10-25,15-10-25,14-10-25,Tuesday
563001,OCNH,Heerhugowaard,PC545,22.5,11795828,1,15-10-25,15-10-25,15-10-25,14-10-25,Tuesday
563001,OCNH,Heerhugowaard,PC545,22.5,11795915,1,15-10-25,15-10-25,15-10-25,14-10-25,Tuesday
563001,OCNH,Heerhugowaard,PC545,22.5,11795864,1,15-10-25,15-10-25,15-10-25,14-10-25,Tuesday
563001,OCNH,Heerhugowaard,PC545,26.5,11774719,1,15-10-25,15-10-25,15-10-25,14-10-25,Tuesday
563001,OCNH,Heerhugowaard,PC545,26,11700979,1,15-10-25,15-10-25,15-10-25,14-10-25,Tuesday
563001,OCNH,Heerhugowaard,PC545,22,11792298,1,15-10-25,15-10-25,15-10-25,14-10-25,Tuesday
563001,OCNH,Heerhugowaard,PC545,24.5,11710474,1,15-10-25,15-10-25,15-10-25,14-10-25,Tuesday
563001,OCNH,Heerhugowaard,PC545,22.5,11795887,1,15-10-25,15-10-25,15-10-25,14-10-25,Tuesday
563001,OCNH,Heerhugowaard,PC545,23,11798991,1,15-10-25,15-10-25,15-10-25,14-10-25,Tuesday
563001,OCNH,Heerhugowaard,PC545,21,11804532,1,15-10-25,15-10-25,15-10-25,14-10-25,Tuesday
563001,OCNH,Heerhugowaard,PC545,18.5,11785473,1,15-10-25,15-10-25,15-10-25,14-10-25,Tuesday
563001,OCNH,Heerhugowaard,PC545,21,11785421,1,15-10-25,15-10-25,15-10-25,14-10-25,Tuesday
563001,OCNH,Heerhugowaard,PC545,20.5,11794825,1,15-10-25,15-10-25,15-10-25,14-10-25,Tuesday
563001,OCNH,Heerhugowaard,PC545,22,11792009,1,15-10-25,15-10-25,15-10-25,14-10-25,Tuesday
563001,OCNH,Heerhugowaard,PC545,18,11680770,1,15-10-25,15-10-25,15-10-25,14-10-25,Tuesday
563001,OCNH,Heerhugowaard,PC545,22,11792010,1,15-10-25,15-10-25,15-10-25,14-10-25,Tuesday
563001,OCNH,Heerhugowaard,PC545,23.5,11765500,1,15-10-25,15-10-25,15-10-25,14-10-25,Tuesday
563001,OCNH,Heerhugowaard,PC545,20,11776803,1,15-10-25,15-10-25,15-10-25,14-10-25,Tuesday
563001,OCNH,Heerhugowaard,PC545,21.5,11788164,1,15-10-25,15-10-25,15-10-25,14-10-25,Tuesday
563001,OCNH,Heerhugowaard,PC545,21.5,11788182,1,15-10-25,15-10-25,15-10-25,14-10-25,Tuesday
563001,OCNH,Heerhugowaard,PC545,18,11773633,1,15-10-25,15-10-25,15-10-25,14-10-25,Tuesday
563001,OCNH,Heerhugowaard,PC545,17,11772043,1,15-10-25,15-10-25,15-10-25,14-10-25,Tuesday
563001,OCNH,Heerhugowaard,PC545,23,11798987,1,15-10-25,15-10-25,15-10-25,14-10-25,Tuesday
563001,OCNH,Heerhugowaard,PC545,23.5,11815399,1,15-10-25,15-10-25,15-10-25,14-10-25,Tuesday
563001,OCNH,Heerhugowaard,PC545,25,11716853,1,15-10-25,15-10-25,15-10-25,14-10-25,Tuesday
563001,OCNH,Heerhugowaard,PC545,13.5,11705383,1,15-10-25,15-10-25,15-10-25,14-10-25,Tuesday
563001,OCNH,Heerhugowaard,PC545,18.5,11785486,1,15-10-25,15-10-25,15-10-25,14-10-25,Tuesday
563053,OCNH,Heerhugowaard,PC545,22.5,11795898,1,15-10-25,15-10-25,16-10-25,15-10-25,Wednesday
563053,OCNH,Heerhugowaard,PC545,22.5,11795902,1,15-10-25,15-10-25,16-10-25,15-10-25,Wednesday
563053,OCNH,Heerhugowaard,PC545,20.5,11794850,1,15-10-25,15-10-25,16-10-25,15-10-25,Wednesday
563053,OCNH,Heerhugowaard,PC545,21,11804560,1,15-10-25,15-10-25,16-10-25,15-10-25,Wednesday
563053,OCNH,Heerhugowaard,PC545,17,11772071,1,15-10-25,15-10-25,16-10-25,15-10-25,Wednesday
563053,OCNH,Heerhugowaard,PC545,20.5,11794862,1,15-10-25,15-10-25,16-10-25,15-10-25,Wednesday
563053,OCNH,Heerhugowaard,PC545,16.5,11780854,1,15-10-25,15-10-25,16-10-25,15-10-25,Wednesday
563053,OCNH,Heerhugowaard,PC545,14.5,11787061,1,15-10-25,15-10-25,16-10-25,15-10-25,Wednesday
563053,OCNH,Heerhugowaard,PC545,18.5,11810152,1,15-10-25,15-10-25,16-10-25,15-10-25,Wednesday
563053,OCNH,Heerhugowaard,PC545,21.5,11796710,1,15-10-25,15-10-25,16-10-25,15-10-25,Wednesday
563053,OCNH,Heerhugowaard,PC545,21.5,11788185,1,15-10-25,15-10-25,16-10-25,15-10-25,Wednesday
563053,OCNH,Heerhugowaard,PC545,29,11607770,1,15-10-25,15-10-25,16-10-25,15-10-25,Wednesday
563053,OCNH,Heerhugowaard,PC545,24.5,11710432,1,15-10-25,15-10-25,16-10-25,15-10-25,Wednesday
563053,OCNH,Heerhugowaard,PC545,17.5,11754166,1,15-10-25,15-10-25,16-10-25,15-10-25,Wednesday
563053,OCNH,Heerhugowaard,PC545,19.5,11789301,1,15-10-25,15-10-25,16-10-25,15-10-25,Wednesday
563053,OCNH,Heerhugowaard,PC545,21.5,11796709,1,15-10-25,15-10-25,16-10-25,15-10-25,Wednesday
563144,OCNH,Heerhugowaard,PC545,22.5,11795826,1,17-10-25,17-10-25,17-10-25,16-10-25,Thursday
563144,OCNH,Heerhugowaard,PC545,20.5,11794864,1,17-10-25,17-10-25,17-10-25,16-10-25,Thursday
563144,OCNH,Heerhugowaard,PC545,21,11785396,1,17-10-25,17-10-25,17-10-25,16-10-25,Thursday
563144,OCNH,Heerhugowaard,PC545,15,11782945,1,17-10-25,17-10-25,17-10-25,16-10-25,Thursday
563144,OCNH,Heerhugowaard,PC545,21,11785378,1,17-10-25,17-10-25,17-10-25,16-10-25,Thursday
563144,OCNH,Heerhugowaard,PC545,21,11785435,1,17-10-25,17-10-25,17-10-25,16-10-25,Thursday
563144,OCNH,Heerhugowaard,PC545,18.5,11785470,1,17-10-25,17-10-25,17-10-25,16-10-25,Thursday
563144,OCNH,Heerhugowaard,PC545,13,11698901,1,17-10-25,17-10-25,17-10-25,16-10-25,Thursday
563144,OCNH,Heerhugowaard,PC545,15,11782991,1,17-10-25,17-10-25,17-10-25,16-10-25,Thursday
563144,OCNH,Heerhugowaard,PC545,19.5,11789333,1,17-10-25,17-10-25,17-10-25,16-10-25,Thursday
563144,OCNH,Heerhugowaard,PC545,23.5,11815383,1,17-10-25,17-10-25,17-10-25,16-10-25,Thursday
563144,OCNH,Heerhugowaard,PC545,21.5,11796736,1,17-10-25,17-10-25,17-10-25,16-10-25,Thursday
563230,OCNH,Heerhugowaard,PC545,18,11773601,1,20-10-25,20-10-25,20-10-25,18-10-25,Saturday
563230,OCNH,Heerhugowaard,PC545,26,11700976,1,20-10-25,20-10-25,20-10-25,18-10-25,Saturday
563230,OCNH,Heerhugowaard,PC545,25,11716889,1,20-10-25,20-10-25,20-10-25,18-10-25,Saturday
563230,OCNH,Heerhugowaard,PC545,22.5,11795867,1,20-10-25,20-10-25,20-10-25,18-10-25,Saturday
563230,OCNH,Heerhugowaard,PC545,23.5,11765521,1,20-10-25,20-10-25,20-10-25,18-10-25,Saturday
563230,OCNH,Heerhugowaard,PC545,22.5,11795878,1,20-10-25,20-10-25,20-10-25,18-10-25,Saturday
563230,OCNH,Heerhugowaard,PC545,21.5,11796761,1,20-10-25,20-10-25,20-10-25,18-10-25,Saturday
563230,OCNH,Heerhugowaard,PC545,22.5,11795865,1,20-10-25,20-10-25,20-10-25,18-10-25,Saturday
563230,OCNH,Heerhugowaard,PC545,22.5,11722869,1,20-10-25,20-10-25,20-10-25,18-10-25,Saturday
563230,OCNH,Heerhugowaard,PC545,22.5,11795862,1,20-10-25,20-10-25,20-10-25,18-10-25,Saturday
563230,OCNH,Heerhugowaard,PC545,22.5,11795880,1,20-10-25,20-10-25,20-10-25,18-10-25,Saturday
563230,OCNH,Heerhugowaard,PC545,20.5,11794835,1,20-10-25,20-10-25,20-10-25,18-10-25,Saturday
563230,OCNH,Heerhugowaard,PC545,22,11791983,1,20-10-25,20-10-25,20-10-25,18-10-25,Saturday
563230,OCNH,Heerhugowaard,PC545,24.5,11710470,1,20-10-25,20-10-25,20-10-25,18-10-25,Saturday
563230,OCNH,Heerhugowaard,PC545,23.5,11765488,1,20-10-25,20-10-25,20-10-25,18-10-25,Saturday
563230,OCNH,Heerhugowaard,PC545,21,11785428,1,20-10-25,20-10-25,20-10-25,18-10-25,Saturday
563230,OCNH,Heerhugowaard,PC545,20,11776759,1,20-10-25,20-10-25,20-10-25,18-10-25,Saturday
563230,OCNH,Heerhugowaard,PC545,20,11776812,1,20-10-25,20-10-25,20-10-25,18-10-25,Saturday
563284,OCNH,Heerhugowaard,PC545,26.5,11649765,1,20-10-25,20-10-25,21-10-25,20-10-25,Monday
563284,OCNH,Heerhugowaard,PC545,27,11675853,1,20-10-25,20-10-25,21-10-25,20-10-25,Monday
563284,OCNH,Heerhugowaard,PC545,20.5,11794826,1,20-10-25,20-10-25,21-10-25,20-10-25,Monday
563284,OCNH,Heerhugowaard,PC545,22.5,11795841,1,20-10-25,20-10-25,21-10-25,20-10-25,Monday
563284,OCNH,Heerhugowaard,PC545,22,11791966,1,20-10-25,20-10-25,21-10-25,20-10-25,Monday
563284,OCNH,Heerhugowaard,PC545,20.5,11794808,1,20-10-25,20-10-25,21-10-25,20-10-25,Monday
563284,OCNH,Heerhugowaard,PC545,20.5,11794847,1,20-10-25,20-10-25,21-10-25,20-10-25,Monday
563284,OCNH,Heerhugowaard,PC545,22,11792028,1,20-10-25,20-10-25,21-10-25,20-10-25,Monday
563284,OCNH,Heerhugowaard,PC545,20.5,11794861,1,20-10-25,20-10-25,21-10-25,20-10-25,Monday
563284,OCNH,Heerhugowaard,PC545,22,11792003,1,20-10-25,20-10-25,21-10-25,20-10-25,Monday
563284,OCNH,Heerhugowaard,PC545,28.5,11550342,1,20-10-25,20-10-25,21-10-25,20-10-25,Monday
563284,OCNH,Heerhugowaard,PC545,21.5,11796722,1,20-10-25,20-10-25,21-10-25,20-10-25,Monday
563284,OCNH,Heerhugowaard,PC545,26,11700974,1,20-10-25,20-10-25,21-10-25,20-10-25,Monday
563284,OCNH,Heerhugowaard,PC545,7,11520225,1,20-10-25,20-10-25,21-10-25,20-10-25,Monday
563284,OCNH,Heerhugowaard,PC545,19.5,11789334,1,20-10-25,20-10-25,21-10-25,20-10-25,Monday
563284,OCNH,Heerhugowaard,PC545,22.5,11795855,1,20-10-25,20-10-25,21-10-25,20-10-25,Monday
563284,OCNH,Heerhugowaard,PC545,15,11782960,1,20-10-25,20-10-25,21-10-25,20-10-25,Monday
563387,OCNH,Heerhugowaard,PC545,16,11783117,1,22-10-25,22-10-25,22-10-25,21-10-25,Tuesday
563387,OCNH,Heerhugowaard,PC545,20,11793166,1,22-10-25,22-10-25,22-10-25,21-10-25,Tuesday
563387,OCNH,Heerhugowaard,PC545,22.5,11795852,1,22-10-25,22-10-25,22-10-25,21-10-25,Tuesday
563387,OCNH,Heerhugowaard,PC545,23,11798996,1,22-10-25,22-10-25,22-10-25,21-10-25,Tuesday
563387,OCNH,Heerhugowaard,PC545,18.5,11810144,1,22-10-25,22-10-25,22-10-25,21-10-25,Tuesday
563387,OCNH,Heerhugowaard,PC545,18.5,11810147,1,22-10-25,22-10-25,22-10-25,21-10-25,Tuesday
563387,OCNH,Heerhugowaard,PC545,14,11697841,1,22-10-25,22-10-25,22-10-25,21-10-25,Tuesday
563387,OCNH,Heerhugowaard,PC545,15.5,11738920,1,22-10-25,22-10-25,22-10-25,21-10-25,Tuesday
563387,OCNH,Heerhugowaard,PC545,23.5,11765529,1,22-10-25,22-10-25,22-10-25,21-10-25,Tuesday
563387,OCNH,Heerhugowaard,PC545,23,11798942,1,22-10-25,22-10-25,22-10-25,21-10-25,Tuesday
563387,OCNH,Heerhugowaard,PC545,22,11792018,1,22-10-25,22-10-25,22-10-25,21-10-25,Tuesday
563387,OCNH,Heerhugowaard,PC545,24,11776518,1,22-10-25,22-10-25,22-10-25,21-10-25,Tuesday
563387,OCNH,Heerhugowaard,PC545,18,11773668,1,22-10-25,22-10-25,22-10-25,21-10-25,Tuesday
563387,OCNH,Heerhugowaard,PC545,22,11792002,1,22-10-25,22-10-25,22-10-25,21-10-25,Tuesday
563387,OCNH,Heerhugowaard,PC545,17.5,11754096,1,22-10-25,22-10-25,22-10-25,21-10-25,Tuesday
563387,OCNH,Heerhugowaard,PC545,16,11693331,1,22-10-25,22-10-25,22-10-25,21-10-25,Tuesday
563387,OCNH,Heerhugowaard,PC545,19,11786366,1,22-10-25,22-10-25,22-10-25,21-10-25,Tuesday
563387,OCNH,Heerhugowaard,PC545,19,11786344,1,22-10-25,22-10-25,22-10-25,21-10-25,Tuesday
563469,OCNH,Heerhugowaard,PC545,10,11567804,1,23-10-25,23-10-25,23-10-25,22-10-25,Wednesday
563469,OCNH,Heerhugowaard,PC545,22.5,11795881,1,23-10-25,23-10-25,23-10-25,22-10-25,Wednesday
563469,OCNH,Heerhugowaard,PC545,21.5,11796804,1,23-10-25,23-10-25,23-10-25,22-10-25,Wednesday
563469,OCNH,Heerhugowaard,PC545,23.5,11793105,1,23-10-25,23-10-25,23-10-25,22-10-25,Wednesday
563469,OCNH,Heerhugowaard,PC545,19.5,11789308,1,23-10-25,23-10-25,23-10-25,22-10-25,Wednesday
563469,OCNH,Heerhugowaard,PC545,19.5,11789324,1,23-10-25,23-10-25,23-10-25,22-10-25,Wednesday
563469,OCNH,Heerhugowaard,PC545,21,11785353,1,23-10-25,23-10-25,23-10-25,22-10-25,Wednesday
563469,OCNH,Heerhugowaard,PC545,29.5,11053595,1,23-10-25,23-10-25,23-10-25,22-10-25,Wednesday
563469,OCNH,Heerhugowaard,PC545,22.5,11795874,1,23-10-25,23-10-25,23-10-25,22-10-25,Wednesday
563469,OCNH,Heerhugowaard,PC545,22,11791994,1,23-10-25,23-10-25,23-10-25,22-10-25,Wednesday
563469,OCNH,Heerhugowaard,PC545,22.5,11795897,1,23-10-25,23-10-25,23-10-25,22-10-25,Wednesday
563469,OCNH,Heerhugowaard,PC545,23,11798965,1,23-10-25,23-10-25,23-10-25,22-10-25,Wednesday
563469,OCNH,Heerhugowaard,PC545,23.5,11793030,1,23-10-25,23-10-25,23-10-25,22-10-25,Wednesday
563469,OCNH,Heerhugowaard,PC545,24.5,11710454,1,23-10-25,23-10-25,23-10-25,22-10-25,Wednesday
563469,OCNH,Heerhugowaard,PC545,25,11716839,1,23-10-25,23-10-25,23-10-25,22-10-25,Wednesday
563469,OCNH,Heerhugowaard,PC545,22,11792012,1,23-10-25,23-10-25,23-10-25,22-10-25,Wednesday
563469,OCNH,Heerhugowaard,PC545,21,11785390,1,23-10-25,23-10-25,23-10-25,22-10-25,Wednesday
563469,OCNH,Heerhugowaard,PC545,22,11792032,1,23-10-25,23-10-25,23-10-25,22-10-25,Wednesday
563469,OCNH,Heerhugowaard,PC545,20,11793179,1,23-10-25,23-10-25,23-10-25,22-10-25,Wednesday
563469,OCNH,Heerhugowaard,PC545,21,11804533,1,23-10-25,23-10-25,23-10-25,22-10-25,Wednesday
563469,OCNH,Heerhugowaard,PC545,24,11776521,1,23-10-25,23-10-25,23-10-25,22-10-25,Wednesday
563530,OCNH,Heerhugowaard,PC545,22.5,11795912,1,24-10-25,24-10-25,24-10-25,23-10-25,Thursday
563530,OCNH,Heerhugowaard,PC545,22.5,11795895,1,24-10-25,24-10-25,24-10-25,23-10-25,Thursday
563530,OCNH,Heerhugowaard,PC545,23,11798928,1,24-10-25,24-10-25,24-10-25,23-10-25,Thursday
563530,OCNH,Heerhugowaard,PC545,22.5,11795883,1,24-10-25,24-10-25,24-10-25,23-10-25,Thursday
563530,OCNH,Heerhugowaard,PC545,23.5,11793028,1,24-10-25,24-10-25,24-10-25,23-10-25,Thursday
563530,OCNH,Heerhugowaard,PC545,21.5,11812686,1,24-10-25,24-10-25,24-10-25,23-10-25,Thursday
563530,OCNH,Heerhugowaard,PC545,19,11786303,1,24-10-25,24-10-25,24-10-25,23-10-25,Thursday
563530,OCNH,Heerhugowaard,PC545,18.5,11709193,1,24-10-25,24-10-25,24-10-25,23-10-25,Thursday
563530,OCNH,Heerhugowaard,PC545,22.5,11795856,1,24-10-25,24-10-25,24-10-25,23-10-25,Thursday
563530,OCNH,Heerhugowaard,PC545,20.5,11794858,1,24-10-25,24-10-25,24-10-25,23-10-25,Thursday
563530,OCNH,Heerhugowaard,PC545,19,11786315,1,24-10-25,24-10-25,24-10-25,23-10-25,Thursday
563530,OCNH,Heerhugowaard,PC545,20.5,11794865,1,24-10-25,24-10-25,24-10-25,23-10-25,Thursday
563530,OCNH,Heerhugowaard,PC545,21.5,11796748,1,24-10-25,24-10-25,24-10-25,23-10-25,Thursday
563530,OCNH,Heerhugowaard,PC545,17.5,11754142,1,24-10-25,24-10-25,24-10-25,23-10-25,Thursday
563530,OCNH,Heerhugowaard,PC545,23.5,11793060,1,24-10-25,24-10-25,24-10-25,23-10-25,Thursday
563530,OCNH,Heerhugowaard,PC545,25,11716845,1,24-10-25,24-10-25,24-10-25,23-10-25,Thursday
563597,OCNH,Heerhugowaard,PC545,18.5,11810140,1,27-10-25,27-10-25,27-10-25,25-10-25,Saturday
563597,OCNH,Heerhugowaard,PC545,21.5,11796796,1,27-10-25,27-10-25,27-10-25,25-10-25,Saturday
563597,OCNH,Heerhugowaard,PC545,21.5,11796721,1,27-10-25,27-10-25,27-10-25,25-10-25,Saturday
563597,OCNH,Heerhugowaard,PC545,19,11786328,1,27-10-25,27-10-25,27-10-25,25-10-25,Saturday
563597,OCNH,Heerhugowaard,PC545,19,11786295,1,27-10-25,27-10-25,27-10-25,25-10-25,Saturday
563597,OCNH,Heerhugowaard,PC545,23,11799005,1,27-10-25,27-10-25,27-10-25,25-10-25,Saturday
563597,OCNH,Heerhugowaard,PC545,22.5,11795884,1,27-10-25,27-10-25,27-10-25,25-10-25,Saturday
563597,OCNH,Heerhugowaard,PC545,20,11793190,1,27-10-25,27-10-25,27-10-25,25-10-25,Saturday
563597,OCNH,Heerhugowaard,PC545,15.5,11738998,1,27-10-25,27-10-25,27-10-25,25-10-25,Saturday
563597,OCNH,Heerhugowaard,PC545,15,11782975,1,27-10-25,27-10-25,27-10-25,25-10-25,Saturday
563597,OCNH,Heerhugowaard,PC545,19,11786357,1,27-10-25,27-10-25,27-10-25,25-10-25,Saturday
563597,OCNH,Heerhugowaard,PC545,24,11776551,1,27-10-25,27-10-25,27-10-25,25-10-25,Saturday
563597,OCNH,Heerhugowaard,PC545,24.5,11776411,1,27-10-25,27-10-25,27-10-25,25-10-25,Saturday
563597,OCNH,Heerhugowaard,PC545,31,11470103,1,27-10-25,27-10-25,27-10-25,25-10-25,Saturday
563597,OCNH,Heerhugowaard,PC545,20.5,11794828,1,27-10-25,27-10-25,27-10-25,25-10-25,Saturday
563597,OCNH,Heerhugowaard,PC545,20.5,11794840,1,27-10-25,27-10-25,27-10-25,25-10-25,Saturday
563597,OCNH,Heerhugowaard,PC545,22,11816481,1,27-10-25,27-10-25,27-10-25,25-10-25,Saturday
563597,OCNH,Heerhugowaard,PC545,21,11804599,1,27-10-25,27-10-25,27-10-25,25-10-25,Saturday
563603,OCNH,Heerhugowaard,PC545,21,11804594,1,27-10-25,27-10-25,27-10-25,24-10-25,Friday
563603,OCNH,Heerhugowaard,PC545,20.5,11794889,1,27-10-25,27-10-25,27-10-25,24-10-25,Friday
563603,OCNH,Heerhugowaard,PC545,21,11804608,1,27-10-25,27-10-25,27-10-25,24-10-25,Friday
563603,OCNH,Heerhugowaard,PC545,22,11791975,1,27-10-25,27-10-25,27-10-25,24-10-25,Friday
563603,OCNH,Heerhugowaard,PC545,21.5,11796726,1,27-10-25,27-10-25,27-10-25,24-10-25,Friday
563603,OCNH,Heerhugowaard,PC545,19.5,11789295,1,27-10-25,27-10-25,27-10-25,24-10-25,Friday
563603,OCNH,Heerhugowaard,PC545,19,11786343,1,27-10-25,27-10-25,27-10-25,24-10-25,Friday
563603,OCNH,Heerhugowaard,PC545,19,11786340,1,27-10-25,27-10-25,27-10-25,24-10-25,Friday
563603,OCNH,Heerhugowaard,PC545,18.5,11709169,1,27-10-25,27-10-25,27-10-25,24-10-25,Friday
563603,OCNH,Heerhugowaard,PC545,18,11773658,1,27-10-25,27-10-25,27-10-25,24-10-25,Friday
563603,OCNH,Heerhugowaard,PC545,17,11772068,1,27-10-25,27-10-25,27-10-25,24-10-25,Friday
563603,OCNH,Heerhugowaard,PC545,15,11782977,1,27-10-25,27-10-25,27-10-25,24-10-25,Friday
563603,OCNH,Heerhugowaard,PC545,15,11783005,1,27-10-25,27-10-25,27-10-25,24-10-25,Friday
563686,OCNH,Heerhugowaard,PC545,21.5,11788128,1,28-10-25,28-10-25,28-10-25,27-10-25,Monday
563686,OCNH,Heerhugowaard,PC545,22,11816492,1,28-10-25,28-10-25,28-10-25,27-10-25,Monday
563686,OCNH,Heerhugowaard,PC545,22,11816456,1,28-10-25,28-10-25,28-10-25,27-10-25,Monday
563686,OCNH,Heerhugowaard,PC545,21.5,11788122,1,28-10-25,28-10-25,28-10-25,27-10-25,Monday
563686,OCNH,Heerhugowaard,PC545,23,11798962,1,28-10-25,28-10-25,28-10-25,27-10-25,Monday
563686,OCNH,Heerhugowaard,PC545,21,11804593,1,28-10-25,28-10-25,28-10-25,27-10-25,Monday
563686,OCNH,Heerhugowaard,PC545,15.5,11738948,1,28-10-25,28-10-25,28-10-25,27-10-25,Monday
563686,OCNH,Heerhugowaard,PC545,24.5,11776408,1,28-10-25,28-10-25,28-10-25,27-10-25,Monday
563686,OCNH,Heerhugowaard,PC545,17.5,11754151,1,28-10-25,28-10-25,28-10-25,27-10-25,Monday
563686,OCNH,Heerhugowaard,PC545,20,11776781,1,28-10-25,28-10-25,28-10-25,27-10-25,Monday
563686,OCNH,Heerhugowaard,PC545,24,11776525,1,28-10-25,28-10-25,28-10-25,27-10-25,Monday
563686,OCNH,Heerhugowaard,PC545,24,11799084,1,28-10-25,28-10-25,28-10-25,27-10-25,Monday
563686,OCNH,Heerhugowaard,PC545,24.5,11776386,1,28-10-25,28-10-25,28-10-25,27-10-25,Monday
563686,OCNH,Heerhugowaard,PC545,24.5,11776390,1,28-10-25,28-10-25,28-10-25,27-10-25,Monday
563686,OCNH,Heerhugowaard,PC545,24.5,11776355,1,28-10-25,28-10-25,28-10-25,27-10-25,Monday
563686,OCNH,Heerhugowaard,PC545,23.5,11793102,1,28-10-25,28-10-25,28-10-25,27-10-25,Monday
563686,OCNH,Heerhugowaard,PC545,21,11804529,1,28-10-25,28-10-25,28-10-25,27-10-25,Monday
563686,OCNH,Heerhugowaard,PC545,20.5,11794831,1,28-10-25,28-10-25,28-10-25,27-10-25,Monday
563686,OCNH,Heerhugowaard,PC545,20,11776777,1,28-10-25,28-10-25,28-10-25,27-10-25,Monday
563686,OCNH,Heerhugowaard,PC545,20,11776779,1,28-10-25,28-10-25,28-10-25,27-10-25,Monday
563723,OCNH,Heerhugowaard,PC545,24,11776529,1,28-10-25,28-10-25,28-10-25,28-10-25,Tuesday
563723,OCNH,Heerhugowaard,PC545,23.5,11793073,1,28-10-25,28-10-25,28-10-25,28-10-25,Tuesday
563723,OCNH,Heerhugowaard,PC545,24.5,11776377,1,28-10-25,28-10-25,28-10-25,28-10-25,Tuesday
563723,OCNH,Heerhugowaard,PC545,25,11716846,1,28-10-25,28-10-25,28-10-25,28-10-25,Tuesday
563723,OCNH,Heerhugowaard,PC545,20.5,11794878,1,28-10-25,28-10-25,28-10-25,28-10-25,Tuesday
563723,OCNH,Heerhugowaard,PC545,20.5,11794891,1,28-10-25,28-10-25,28-10-25,28-10-25,Tuesday
563723,OCNH,Heerhugowaard,PC545,15.5,11738928,1,28-10-25,28-10-25,28-10-25,28-10-25,Tuesday
563723,OCNH,Heerhugowaard,PC545,14,11788236,1,28-10-25,28-10-25,28-10-25,28-10-25,Tuesday
563723,OCNH,Heerhugowaard,PC545,14,11697852,1,28-10-25,28-10-25,28-10-25,28-10-25,Tuesday
563723,OCNH,Heerhugowaard,PC545,13,11785547,1,28-10-25,28-10-25,28-10-25,28-10-25,Tuesday
563723,OCNH,Heerhugowaard,PC545,26.5,11649757,1,28-10-25,28-10-25,28-10-25,28-10-25,Tuesday
563723,OCNH,Heerhugowaard,PC545,20.5,11794881,1,28-10-25,28-10-25,28-10-25,28-10-25,Tuesday
563723,OCNH,Heerhugowaard,PC545,27.5,11634479,1,28-10-25,28-10-25,28-10-25,28-10-25,Tuesday
563723,OCNH,Heerhugowaard,PC545,24.5,11776381,1,28-10-25,28-10-25,28-10-25,28-10-25,Tuesday
563723,OCNH,Heerhugowaard,PC545,25.5,11736027,1,28-10-25,28-10-25,28-10-25,28-10-25,Tuesday
563723,OCNH,Heerhugowaard,PC545,22.5,11795825,1,28-10-25,28-10-25,28-10-25,28-10-25,Tuesday
563723,OCNH,Heerhugowaard,PC545,20,11793164,1,28-10-25,28-10-25,28-10-25,28-10-25,Tuesday
563723,OCNH,Heerhugowaard,PC545,21,11804550,1,28-10-25,28-10-25,28-10-25,28-10-25,Tuesday
563723,OCNH,Heerhugowaard,PC545,25,11716866,1,28-10-25,28-10-25,28-10-25,28-10-25,Tuesday
563723,OCNH,Heerhugowaard,PC545,17,11772010,1,28-10-25,28-10-25,28-10-25,28-10-25,Tuesday
563723,OCNH,Heerhugowaard,PC545,20.5,11794824,1,28-10-25,28-10-25,28-10-25,28-10-25,Tuesday
563723,OCNH,Heerhugowaard,PC545,23.5,11793031,1,28-10-25,28-10-25,28-10-25,28-10-25,Tuesday
563723,OCNH,Heerhugowaard,PC545,24,11776533,1,28-10-25,28-10-25,28-10-25,28-10-25,Tuesday
563723,OCNH,Heerhugowaard,PC545,19,11786362,1,28-10-25,28-10-25,28-10-25,28-10-25,Tuesday
563849,OCNH,Heerhugowaard,PC545,21.5,11788186,1,30-10-25,30-10-25,30-10-25,29-10-25,Wednesday
563849,OCNH,Heerhugowaard,PC545,21.5,11788131,1,30-10-25,30-10-25,30-10-25,29-10-25,Wednesday
563849,OCNH,Heerhugowaard,PC545,26.5,11649759,1,30-10-25,30-10-25,30-10-25,29-10-25,Wednesday
563849,OCNH,Heerhugowaard,PC545,25,11794979,1,30-10-25,30-10-25,30-10-25,29-10-25,Wednesday
563849,OCNH,Heerhugowaard,PC545,22,11816403,1,30-10-25,30-10-25,30-10-25,29-10-25,Wednesday
563849,OCNH,Heerhugowaard,PC545,29.5,11053590,1,30-10-25,30-10-25,30-10-25,29-10-25,Wednesday
563849,OCNH,Heerhugowaard,PC545,21.5,11788157,1,30-10-25,30-10-25,30-10-25,29-10-25,Wednesday
563849,OCNH,Heerhugowaard,PC545,21.5,11788142,1,30-10-25,30-10-25,30-10-25,29-10-25,Wednesday
563849,OCNH,Heerhugowaard,PC545,24,11799068,1,30-10-25,30-10-25,30-10-25,29-10-25,Wednesday
563849,OCNH,Heerhugowaard,PC545,19,11786356,1,30-10-25,30-10-25,30-10-25,29-10-25,Wednesday
563849,OCNH,Heerhugowaard,PC545,22.5,11807606,1,30-10-25,30-10-25,30-10-25,29-10-25,Wednesday
563849,OCNH,Heerhugowaard,PC545,22.5,11807568,1,30-10-25,30-10-25,30-10-25,29-10-25,Wednesday
563849,OCNH,Heerhugowaard,PC545,18.5,11810133,1,30-10-25,30-10-25,30-10-25,29-10-25,Wednesday
563849,OCNH,Heerhugowaard,PC545,18,11773614,1,30-10-25,30-10-25,30-10-25,29-10-25,Wednesday
563849,OCNH,Heerhugowaard,PC545,21.5,11788151,1,30-10-25,30-10-25,30-10-25,29-10-25,Wednesday
563849,OCNH,Heerhugowaard,PC545,21.5,11788165,1,30-10-25,30-10-25,30-10-25,29-10-25,Wednesday
563849,OCNH,Heerhugowaard,PC545,20,11793195,1,30-10-25,30-10-25,30-10-25,29-10-25,Wednesday
563849,OCNH,Heerhugowaard,PC545,20,11793156,1,30-10-25,30-10-25,30-10-25,29-10-25,Wednesday
563849,OCNH,Heerhugowaard,PC545,22,11816490,1,30-10-25,30-10-25,30-10-25,29-10-25,Wednesday
563849,OCNH,Heerhugowaard,PC545,21.5,11788171,1,30-10-25,30-10-25,30-10-25,29-10-25,Wednesday
563849,OCNH,Heerhugowaard,PC545,12,11273800,1,30-10-25,30-10-25,30-10-25,29-10-25,Wednesday
563849,OCNH,Heerhugowaard,PC545,22.5,11807566,1,30-10-25,30-10-25,30-10-25,29-10-25,Wednesday
563849,OCNH,Heerhugowaard,PC545,19,11786330,1,30-10-25,30-10-25,30-10-25,29-10-25,Wednesday
563849,OCNH,Heerhugowaard,PC545,20.5,11814025,1,30-10-25,30-10-25,30-10-25,29-10-25,Wednesday
563849,OCNH,Heerhugowaard,PC545,18,11773590,1,30-10-25,30-10-25,30-10-25,29-10-25,Wednesday
563849,OCNH,Heerhugowaard,PC545,22,11816446,1,30-10-25,30-10-25,30-10-25,29-10-25,Wednesday
563849,OCNH,Heerhugowaard,PC545,22.5,11807560,1,30-10-25,30-10-25,30-10-25,29-10-25,Wednesday
563849,OCNH,Heerhugowaard,PC545,20,11793159,1,30-10-25,30-10-25,30-10-25,29-10-25,Wednesday
563849,OCNH,Heerhugowaard,PC545,18,11773586,1,30-10-25,30-10-25,30-10-25,29-10-25,Wednesday
563849,OCNH,Heerhugowaard,PC545,22,11816425,1,30-10-25,30-10-25,30-10-25,29-10-25,Wednesday
563849,OCNH,Heerhugowaard,PC545,21.5,11788148,1,30-10-25,30-10-25,30-10-25,29-10-25,Wednesday
563849,OCNH,Heerhugowaard,PC545,18,11773657,1,30-10-25,30-10-25,30-10-25,29-10-25,Wednesday
563849,OCNH,Heerhugowaard,PC545,18.5,11810172,1,30-10-25,30-10-25,30-10-25,29-10-25,Wednesday
563849,OCNH,Heerhugowaard,PC545,17.5,11754119,1,30-10-25,30-10-25,30-10-25,29-10-25,Wednesday
563849,OCNH,Heerhugowaard,PC545,18,11773630,1,30-10-25,30-10-25,30-10-25,29-10-25,Wednesday
563849,OCNH,Heerhugowaard,PC545,20,11793150,1,30-10-25,30-10-25,30-10-25,29-10-25,Wednesday
563849,OCNH,Heerhugowaard,PC545,19.5,11789340,1,30-10-25,30-10-25,30-10-25,29-10-25,Wednesday
563849,OCNH,Heerhugowaard,PC545,10.5,11197655,1,30-10-25,30-10-25,30-10-25,29-10-25,Wednesday
563849,OCNH,Heerhugowaard,PC545,23,11798988,1,30-10-25,30-10-25,30-10-25,29-10-25,Wednesday
563936,OCNH,Heerhugowaard,PC545,21.5,11788205,1,31-10-25,31-10-25,31-10-25,30-10-25,Thursday
563936,OCNH,Heerhugowaard,PC545,20.5,11813995,1,31-10-25,31-10-25,31-10-25,30-10-25,Thursday
563936,OCNH,Heerhugowaard,PC545,18.5,11810131,1,31-10-25,31-10-25,31-10-25,30-10-25,Thursday
563936,OCNH,Heerhugowaard,PC545,13.5,11705395,1,31-10-25,31-10-25,31-10-25,30-10-25,Thursday
563936,OCNH,Heerhugowaard,PC545,21.5,11788116,1,31-10-25,31-10-25,31-10-25,30-10-25,Thursday
563936,OCNH,Heerhugowaard,PC545,22.5,11807616,1,31-10-25,31-10-25,31-10-25,30-10-25,Thursday
563936,OCNH,Heerhugowaard,PC545,18.5,11810159,1,31-10-25,31-10-25,31-10-25,30-10-25,Thursday
563936,OCNH,Heerhugowaard,PC545,22,11792006,1,31-10-25,31-10-25,31-10-25,30-10-25,Thursday
563936,OCNH,Heerhugowaard,PC545,23.5,11793035,1,31-10-25,31-10-25,31-10-25,30-10-25,Thursday
563936,OCNH,Heerhugowaard,PC545,18,11773661,1,31-10-25,31-10-25,31-10-25,30-10-25,Thursday
563936,OCNH,Heerhugowaard,PC545,18.5,11810124,1,31-10-25,31-10-25,31-10-25,30-10-25,Thursday
563936,OCNH,Heerhugowaard,PC545,20.5,11813953,1,31-10-25,31-10-25,31-10-25,30-10-25,Thursday
563936,OCNH,Heerhugowaard,PC545,20,11793167,1,31-10-25,31-10-25,31-10-25,30-10-25,Thursday
563936,OCNH,Heerhugowaard,PC545,24,11799050,1,31-10-25,31-10-25,31-10-25,30-10-25,Thursday
563936,OCNH,Heerhugowaard,PC545,22,11791973,1,31-10-25,31-10-25,31-10-25,30-10-25,Thursday
563936,OCNH,Heerhugowaard,PC545,22.5,11807572,1,31-10-25,31-10-25,31-10-25,30-10-25,Thursday
563936,OCNH,Heerhugowaard,PC545,22.5,11807576,1,31-10-25,31-10-25,31-10-25,30-10-25,Thursday
564016,OCNH,Heerhugowaard,PC545,18,11773631,1,03-11-25,03-11-25,03-11-25,31-10-25,Friday
564016,OCNH,Heerhugowaard,PC545,19,11786368,1,03-11-25,03-11-25,03-11-25,31-10-25,Friday
564016,OCNH,Heerhugowaard,PC545,20.5,11813992,1,03-11-25,03-11-25,03-11-25,31-10-25,Friday
564016,OCNH,Heerhugowaard,PC545,24,11799070,1,03-11-25,03-11-25,03-11-25,31-10-25,Friday
564016,OCNH,Heerhugowaard,PC545,17.5,11754145,1,03-11-25,03-11-25,03-11-25,31-10-25,Friday
564016,OCNH,Heerhugowaard,PC545,23,11799018,1,03-11-25,03-11-25,03-11-25,31-10-25,Friday
564016,OCNH,Heerhugowaard,PC545,23,11798958,1,03-11-25,03-11-25,03-11-25,31-10-25,Friday
564016,OCNH,Heerhugowaard,PC545,19,11786364,1,03-11-25,03-11-25,03-11-25,31-10-25,Friday
564016,OCNH,Heerhugowaard,PC545,20,11793138,1,03-11-25,03-11-25,03-11-25,31-10-25,Friday
564016,OCNH,Heerhugowaard,PC545,15.5,11738913,1,03-11-25,03-11-25,03-11-25,31-10-25,Friday
564016,OCNH,Heerhugowaard,PC545,21,11804536,1,03-11-25,03-11-25,03-11-25,31-10-25,Friday
564016,OCNH,Heerhugowaard,PC545,19,11786319,1,03-11-25,03-11-25,03-11-25,31-10-25,Friday
564016,OCNH,Heerhugowaard,PC545,22,11792024,1,03-11-25,03-11-25,03-11-25,31-10-25,Friday
564016,OCNH,Heerhugowaard,PC545,18.5,11810095,1,03-11-25,03-11-25,03-11-25,31-10-25,Friday
564016,OCNH,Heerhugowaard,PC545,20.5,11814033,1,03-11-25,03-11-25,03-11-25,31-10-25,Friday
564016,OCNH,Heerhugowaard,PC545,20.5,11813973,1,03-11-25,03-11-25,03-11-25,31-10-25,Friday
564016,OCNH,Heerhugowaard,PC545,21.5,11788189,1,03-11-25,03-11-25,03-11-25,31-10-25,Friday
564016,OCNH,Heerhugowaard,PC545,21,11804580,1,03-11-25,03-11-25,03-11-25,31-10-25,Friday
564016,OCNH,Heerhugowaard,PC545,20.5,11814017,1,03-11-25,03-11-25,03-11-25,31-10-25,Friday
564021,OCNH,Heerhugowaard,PC545,17,11772051,1,03-11-25,03-11-25,03-11-25,01-11-25,Saturday
564021,OCNH,Heerhugowaard,PC545,18,11680782,1,03-11-25,03-11-25,03-11-25,01-11-25,Saturday
564021,OCNH,Heerhugowaard,PC545,17.5,11754074,1,03-11-25,03-11-25,03-11-25,01-11-25,Saturday
564021,OCNH,Heerhugowaard,PC545,22,11791986,1,03-11-25,03-11-25,03-11-25,01-11-25,Saturday
564021,OCNH,Heerhugowaard,PC545,22,11791967,1,03-11-25,03-11-25,03-11-25,01-11-25,Saturday
564021,OCNH,Heerhugowaard,PC545,14.5,11787067,1,03-11-25,03-11-25,03-11-25,01-11-25,Saturday
564021,OCNH,Heerhugowaard,PC545,21.5,11788117,1,03-11-25,03-11-25,03-11-25,01-11-25,Saturday
564021,OCNH,Heerhugowaard,PC545,20,11793178,1,03-11-25,03-11-25,03-11-25,01-11-25,Saturday
564021,OCNH,Heerhugowaard,PC545,17.5,11754165,1,03-11-25,03-11-25,03-11-25,01-11-25,Saturday
564021,OCNH,Heerhugowaard,PC545,18.5,11810100,1,03-11-25,03-11-25,03-11-25,01-11-25,Saturday
564021,OCNH,Heerhugowaard,PC545,21.5,11788156,1,03-11-25,03-11-25,03-11-25,01-11-25,Saturday
564021,OCNH,Heerhugowaard,PC545,25.5,11736017,1,03-11-25,03-11-25,03-11-25,01-11-25,Saturday
564021,OCNH,Heerhugowaard,PC545,24,11776546,1,03-11-25,03-11-25,03-11-25,01-11-25,Saturday
564021,OCNH,Heerhugowaard,PC545,21,11804534,1,03-11-25,03-11-25,03-11-25,01-11-25,Saturday
564021,OCNH,Heerhugowaard,PC545,21,11804609,1,03-11-25,03-11-25,03-11-25,01-11-25,Saturday
564021,OCNH,Heerhugowaard,PC545,23.5,11793108,1,03-11-25,03-11-25,03-11-25,01-11-25,Saturday
564021,OCNH,Heerhugowaard,PC545,20,11793157,1,03-11-25,03-11-25,03-11-25,01-11-25,Saturday
564021,OCNH,Heerhugowaard,PC545,20,11793194,1,03-11-25,03-11-25,03-11-25,01-11-25,Saturday
564021,OCNH,Heerhugowaard,PC545,21,11804601,1,03-11-25,03-11-25,03-11-25,01-11-25,Saturday
564021,OCNH,Heerhugowaard,PC545,21,11804538,1,03-11-25,03-11-25,03-11-25,01-11-25,Saturday
564116,OCNH,Heerhugowaard,PC545,25.5,11736020,1,04-11-25,04-11-25,04-11-25,03-11-25,Monday
564116,OCNH,Heerhugowaard,PC545,25,11794913,1,04-11-25,04-11-25,04-11-25,03-11-25,Monday
564116,OCNH,Heerhugowaard,PC545,23,11798944,1,04-11-25,04-11-25,04-11-25,03-11-25,Monday
564116,OCNH,Heerhugowaard,PC545,23.5,11793083,1,04-11-25,04-11-25,04-11-25,03-11-25,Monday
564116,OCNH,Heerhugowaard,PC545,18,11721892,1,04-11-25,04-11-25,04-11-25,03-11-25,Monday
564116,OCNH,Heerhugowaard,PC545,19,11786372,1,04-11-25,04-11-25,04-11-25,03-11-25,Monday
564116,OCNH,Heerhugowaard,PC545,19,11786371,1,04-11-25,04-11-25,04-11-25,03-11-25,Monday
564116,OCNH,Heerhugowaard,PC545,22.5,11807605,1,04-11-25,04-11-25,04-11-25,03-11-25,Monday
564116,OCNH,Heerhugowaard,PC545,25,11794895,1,04-11-25,04-11-25,04-11-25,03-11-25,Monday
564116,OCNH,Heerhugowaard,PC545,11.5,11451050,1,04-11-25,04-11-25,04-11-25,03-11-25,Monday
564116,OCNH,Heerhugowaard,PC545,21,11804579,1,04-11-25,04-11-25,04-11-25,03-11-25,Monday
564116,OCNH,Heerhugowaard,PC545,23.5,11793049,1,04-11-25,04-11-25,04-11-25,03-11-25,Monday
564116,OCNH,Heerhugowaard,PC545,19.5,11789329,1,04-11-25,04-11-25,04-11-25,03-11-25,Monday
564116,OCNH,Heerhugowaard,PC545,21,11804591,1,04-11-25,04-11-25,04-11-25,03-11-25,Monday
564240,OCNH,Heerhugowaard,PC545,23,11799016,1,05-11-25,05-11-25,05-11-25,04-11-25,Tuesday
564240,OCNH,Heerhugowaard,PC545,31,11470106,1,05-11-25,05-11-25,05-11-25,04-11-25,Tuesday
564240,OCNH,Heerhugowaard,PC545,23.5,11793055,1,05-11-25,05-11-25,05-11-25,04-11-25,Tuesday
564240,OCNH,Heerhugowaard,PC545,24,11799057,1,05-11-25,05-11-25,05-11-25,04-11-25,Tuesday
564240,OCNH,Heerhugowaard,PC545,22,11791954,1,05-11-25,05-11-25,05-11-25,04-11-25,Tuesday
564240,OCNH,Heerhugowaard,PC545,22,11791965,1,05-11-25,05-11-25,05-11-25,04-11-25,Tuesday
564240,OCNH,Heerhugowaard,PC545,20,11793163,1,05-11-25,05-11-25,05-11-25,04-11-25,Tuesday
564240,OCNH,Heerhugowaard,PC545,18.5,11810110,1,05-11-25,05-11-25,05-11-25,04-11-25,Tuesday
564240,OCNH,Heerhugowaard,PC545,18.5,11810138,1,05-11-25,05-11-25,05-11-25,04-11-25,Tuesday
564371,OCNH,Heerhugowaard,PC545,20,11793174,1,07-11-25,07-11-25,07-11-25,06-11-25,Thursday
564371,OCNH,Heerhugowaard,PC545,22.5,11807564,1,07-11-25,07-11-25,07-11-25,06-11-25,Thursday
564371,OCNH,Heerhugowaard,PC545,22,11791999,1,07-11-25,07-11-25,07-11-25,06-11-25,Thursday
564371,OCNH,Heerhugowaard,PC545,22.5,11807643,1,07-11-25,07-11-25,07-11-25,06-11-25,Thursday
564371,OCNH,Heerhugowaard,PC545,21,11804610,1,07-11-25,07-11-25,07-11-25,06-11-25,Thursday
564371,OCNH,Heerhugowaard,PC545,21,11804585,1,07-11-25,07-11-25,07-11-25,06-11-25,Thursday
564371,OCNH,Heerhugowaard,PC545,19,11810001,1,07-11-25,07-11-25,07-11-25,06-11-25,Thursday
564371,OCNH,Heerhugowaard,PC545,22,11791984,1,07-11-25,07-11-25,07-11-25,06-11-25,Thursday
564371,OCNH,Heerhugowaard,PC545,24,11799096,1,07-11-25,07-11-25,07-11-25,06-11-25,Thursday
564371,OCNH,Heerhugowaard,PC545,24,11776545,1,07-11-25,07-11-25,07-11-25,06-11-25,Thursday
564371,OCNH,Heerhugowaard,PC545,19,11809956,1,07-11-25,07-11-25,07-11-25,06-11-25,Thursday
564371,OCNH,Heerhugowaard,PC545,22.5,11807621,1,07-11-25,07-11-25,07-11-25,06-11-25,Thursday
564371,OCNH,Heerhugowaard,PC545,23,11798980,1,07-11-25,07-11-25,07-11-25,06-11-25,Thursday
564371,OCNH,Heerhugowaard,PC545,22,11792007,1,07-11-25,07-11-25,07-11-25,06-11-25,Thursday
564461,OCNH,Heerhugowaard,PC545,18,11802503,1,10-11-25,10-11-25,10-11-25,07-11-25,Friday
564461,OCNH,Heerhugowaard,PC545,20.5,11813965,1,10-11-25,10-11-25,10-11-25,07-11-25,Friday
564461,OCNH,Heerhugowaard,PC545,24.5,11776374,1,10-11-25,10-11-25,10-11-25,07-11-25,Friday
564461,OCNH,Heerhugowaard,PC545,25,11794929,1,10-11-25,10-11-25,10-11-25,07-11-25,Friday
564461,OCNH,Heerhugowaard,PC545,22.5,11807624,1,10-11-25,10-11-25,10-11-25,07-11-25,Friday
564461,OCNH,Heerhugowaard,PC545,26,11700972,1,10-11-25,10-11-25,10-11-25,07-11-25,Friday
564461,OCNH,Heerhugowaard,PC545,20,11793145,1,10-11-25,10-11-25,10-11-25,07-11-25,Friday
564461,OCNH,Heerhugowaard,PC545,15.5,11738997,1,10-11-25,10-11-25,10-11-25,07-11-25,Friday
564461,OCNH,Heerhugowaard,PC545,21.5,11788180,1,10-11-25,10-11-25,10-11-25,07-11-25,Friday
564461,OCNH,Heerhugowaard,PC545,26.5,11774734,1,10-11-25,10-11-25,10-11-25,07-11-25,Friday
564461,OCNH,Heerhugowaard,PC545,25,11794972,1,10-11-25,10-11-25,10-11-25,07-11-25,Friday
564461,OCNH,Heerhugowaard,PC545,21,11804545,1,10-11-25,10-11-25,10-11-25,07-11-25,Friday
564461,OCNH,Heerhugowaard,PC545,20,11815851,1,10-11-25,10-11-25,10-11-25,07-11-25,Friday
564461,OCNH,Heerhugowaard,PC545,24,11776509,1,10-11-25,10-11-25,10-11-25,07-11-25,Friday
564461,OCNH,Heerhugowaard,PC545,23.5,11793109,1,10-11-25,10-11-25,10-11-25,07-11-25,Friday
564461,OCNH,Heerhugowaard,PC545,23.5,11793053,1,10-11-25,10-11-25,10-11-25,07-11-25,Friday
564461,OCNH,Heerhugowaard,PC545,19,11809982,1,10-11-25,10-11-25,10-11-25,07-11-25,Friday
564577,OCNH,Heerhugowaard,PC545,21,11804582,1,11-11-25,11-11-25,11-11-25,10-11-25,Monday
564577,OCNH,Heerhugowaard,PC545,22,11792029,1,11-11-25,11-11-25,11-11-25,10-11-25,Monday
564577,OCNH,Heerhugowaard,PC545,22,11792027,1,11-11-25,11-11-25,11-11-25,10-11-25,Monday
564577,OCNH,Heerhugowaard,PC545,21.5,11788192,1,11-11-25,11-11-25,11-11-25,10-11-25,Monday
564577,OCNH,Heerhugowaard,PC545,20.5,11813975,1,11-11-25,11-11-25,11-11-25,10-11-25,Monday
564577,OCNH,Heerhugowaard,PC545,19.5,11776703,1,11-11-25,11-11-25,11-11-25,10-11-25,Monday
564577,OCNH,Heerhugowaard,PC545,24,11776537,1,11-11-25,11-11-25,11-11-25,10-11-25,Monday
564577,OCNH,Heerhugowaard,PC545,23.5,11793122,1,11-11-25,11-11-25,11-11-25,10-11-25,Monday
564577,OCNH,Heerhugowaard,PC545,21.5,11788169,1,11-11-25,11-11-25,11-11-25,10-11-25,Monday
564577,OCNH,Heerhugowaard,PC545,21.5,11796744,1,11-11-25,11-11-25,11-11-25,10-11-25,Monday
564577,OCNH,Heerhugowaard,PC545,22.5,11807555,1,11-11-25,11-11-25,11-11-25,10-11-25,Monday
564577,OCNH,Heerhugowaard,PC545,23,11798939,1,11-11-25,11-11-25,11-11-25,10-11-25,Monday
564577,OCNH,Heerhugowaard,PC545,21,11804562,1,11-11-25,11-11-25,11-11-25,10-11-25,Monday
564577,OCNH,Heerhugowaard,PC545,21,11804548,1,11-11-25,11-11-25,11-11-25,10-11-25,Monday
564577,OCNH,Heerhugowaard,PC545,17,11772044,1,11-11-25,11-11-25,11-11-25,10-11-25,Monday
564577,OCNH,Heerhugowaard,PC545,25,11794951,1,11-11-25,11-11-25,11-11-25,10-11-25,Monday
564577,OCNH,Heerhugowaard,PC545,25.5,11736036,1,11-11-25,11-11-25,11-11-25,10-11-25,Monday
564679,OCNH,Heerhugowaard,PC545,22,11816451,1,12-11-25,12-11-25,12-11-25,11-11-25,Tuesday
564679,OCNH,Heerhugowaard,PC545,22,11791992,1,12-11-25,12-11-25,12-11-25,11-11-25,Tuesday
564679,OCNH,Heerhugowaard,PC545,19.5,11776669,1,12-11-25,12-11-25,12-11-25,11-11-25,Tuesday
564679,OCNH,Heerhugowaard,PC545,24,11776570,1,12-11-25,12-11-25,12-11-25,11-11-25,Tuesday
564679,OCNH,Heerhugowaard,PC545,21.5,11796776,1,12-11-25,12-11-25,12-11-25,11-11-25,Tuesday
564679,OCNH,Heerhugowaard,PC545,21.5,11796730,1,12-11-25,12-11-25,12-11-25,11-11-25,Tuesday
564679,OCNH,Heerhugowaard,PC545,14.5,11787052,1,12-11-25,12-11-25,12-11-25,11-11-25,Tuesday
564679,OCNH,Heerhugowaard,PC545,14,11788212,1,12-11-25,12-11-25,12-11-25,11-11-25,Tuesday
564679,OCNH,Heerhugowaard,PC545,25,11794973,1,12-11-25,12-11-25,12-11-25,11-11-25,Tuesday
564679,OCNH,Heerhugowaard,PC545,25.5,11736037,1,12-11-25,12-11-25,12-11-25,11-11-25,Tuesday
564679,OCNH,Heerhugowaard,PC545,21,11804553,1,12-11-25,12-11-25,12-11-25,11-11-25,Tuesday
564679,OCNH,Heerhugowaard,PC545,21.5,11796800,1,12-11-25,12-11-25,12-11-25,11-11-25,Tuesday
564679,OCNH,Heerhugowaard,PC545,20,11815837,1,12-11-25,12-11-25,12-11-25,11-11-25,Tuesday
564679,OCNH,Heerhugowaard,PC545,19.5,11789344,1,12-11-25,12-11-25,12-11-25,11-11-25,Tuesday
564679,OCNH,Heerhugowaard,PC545,25.5,11736062,1,12-11-25,12-11-25,12-11-25,11-11-25,Tuesday
564679,OCNH,Heerhugowaard,PC545,25.5,11736040,1,12-11-25,12-11-25,12-11-25,11-11-25,Tuesday
564679,OCNH,Heerhugowaard,PC545,20,11815839,1,12-11-25,12-11-25,12-11-25,11-11-25,Tuesday
564679,OCNH,Heerhugowaard,PC545,23,11798960,1,12-11-25,12-11-25,12-11-25,11-11-25,Tuesday
564679,OCNH,Heerhugowaard,PC545,20,11810067,1,12-11-25,12-11-25,12-11-25,11-11-25,Tuesday
564679,OCNH,Heerhugowaard,PC545,21.5,11796779,1,12-11-25,12-11-25,12-11-25,11-11-25,Tuesday
564730,OCNH,Heerhugowaard,PC545,21.5,11796762,1,13-11-25,13-11-25,13-11-25,12-11-25,Wednesday
564730,OCNH,Heerhugowaard,PC545,19,11809919,1,13-11-25,13-11-25,13-11-25,12-11-25,Wednesday
564730,OCNH,Heerhugowaard,PC545,20.5,11813977,1,13-11-25,13-11-25,13-11-25,12-11-25,Wednesday
564730,OCNH,Heerhugowaard,PC545,23,11798973,1,13-11-25,13-11-25,13-11-25,12-11-25,Wednesday
564730,OCNH,Heerhugowaard,PC545,27,11675855,1,13-11-25,13-11-25,13-11-25,12-11-25,Wednesday
564730,OCNH,Heerhugowaard,PC545,25.5,11736044,1,13-11-25,13-11-25,13-11-25,12-11-25,Wednesday
564730,OCNH,Heerhugowaard,PC545,20,11810078,1,13-11-25,13-11-25,13-11-25,12-11-25,Wednesday
564730,OCNH,Heerhugowaard,PC545,18.5,11810142,1,13-11-25,13-11-25,13-11-25,12-11-25,Wednesday
564730,OCNH,Heerhugowaard,PC545,16.5,11780853,1,13-11-25,13-11-25,13-11-25,12-11-25,Wednesday
564730,OCNH,Heerhugowaard,PC545,17,11772055,1,13-11-25,13-11-25,13-11-25,12-11-25,Wednesday
564730,OCNH,Heerhugowaard,PC545,20.5,11813960,1,13-11-25,13-11-25,13-11-25,12-11-25,Wednesday
564730,OCNH,Heerhugowaard,PC545,27,11675844,1,13-11-25,13-11-25,13-11-25,12-11-25,Wednesday
564730,OCNH,Heerhugowaard,PC545,14.5,11707119,1,13-11-25,13-11-25,13-11-25,12-11-25,Wednesday
564730,OCNH,Heerhugowaard,PC545,22.5,11807639,1,13-11-25,13-11-25,13-11-25,12-11-25,Wednesday
564730,OCNH,Heerhugowaard,PC545,22.5,11807604,1,13-11-25,13-11-25,13-11-25,12-11-25,Wednesday
564730,OCNH,Heerhugowaard,PC545,20,11810063,1,13-11-25,13-11-25,13-11-25,12-11-25,Wednesday
564730,OCNH,Heerhugowaard,PC545,23.5,11793117,1,13-11-25,13-11-25,13-11-25,12-11-25,Wednesday
564730,OCNH,Heerhugowaard,PC545,23.5,11793079,1,13-11-25,13-11-25,13-11-25,12-11-25,Wednesday
564839,OCNH,Heerhugowaard,PC545,22.5,11807601,1,14-11-25,14-11-25,14-11-25,13-11-25,Thursday
564839,OCNH,Heerhugowaard,PC545,22.5,11807556,1,14-11-25,14-11-25,14-11-25,13-11-25,Thursday
564839,OCNH,Heerhugowaard,PC545,17.5,11754134,1,14-11-25,14-11-25,14-11-25,13-11-25,Thursday
564839,OCNH,Heerhugowaard,PC545,20,11810064,1,14-11-25,14-11-25,14-11-25,13-11-25,Thursday
564839,OCNH,Heerhugowaard,PC545,24,11776519,1,14-11-25,14-11-25,14-11-25,13-11-25,Thursday
564839,OCNH,Heerhugowaard,PC545,24.5,11776365,1,14-11-25,14-11-25,14-11-25,13-11-25,Thursday
564839,OCNH,Heerhugowaard,PC545,24.5,11776395,1,14-11-25,14-11-25,14-11-25,13-11-25,Thursday
564839,OCNH,Heerhugowaard,PC545,21,11804565,1,14-11-25,14-11-25,14-11-25,13-11-25,Thursday
564839,OCNH,Heerhugowaard,PC545,24.5,11776337,1,14-11-25,14-11-25,14-11-25,13-11-25,Thursday
564839,OCNH,Heerhugowaard,PC545,16.5,11780817,1,14-11-25,14-11-25,14-11-25,13-11-25,Thursday
564839,OCNH,Heerhugowaard,PC545,15,11783021,1,14-11-25,14-11-25,14-11-25,13-11-25,Thursday
564839,OCNH,Heerhugowaard,PC545,22,11816453,1,14-11-25,14-11-25,14-11-25,13-11-25,Thursday
564839,OCNH,Heerhugowaard,PC545,25.5,11736016,1,14-11-25,14-11-25,14-11-25,13-11-25,Thursday
564839,OCNH,Heerhugowaard,PC545,18,11802530,1,14-11-25,14-11-25,14-11-25,13-11-25,Thursday
564921,OCNH,Heerhugowaard,PC545,26.5,11649767,1,17-11-25,17-11-25,17-11-25,14-11-25,Friday
564921,OCNH,Heerhugowaard,PC545,17.5,11754111,1,17-11-25,17-11-25,17-11-25,14-11-25,Friday
564921,OCNH,Heerhugowaard,PC545,17.5,11754140,1,17-11-25,17-11-25,17-11-25,14-11-25,Friday
564921,OCNH,Heerhugowaard,PC545,19,11809930,1,17-11-25,17-11-25,17-11-25,14-11-25,Friday
564921,OCNH,Heerhugowaard,PC545,18,11802517,1,17-11-25,17-11-25,17-11-25,14-11-25,Friday
564921,OCNH,Heerhugowaard,PC545,21,11804559,1,17-11-25,17-11-25,17-11-25,14-11-25,Friday
564921,OCNH,Heerhugowaard,PC545,22.5,11807570,1,17-11-25,17-11-25,17-11-25,14-11-25,Friday
564921,OCNH,Heerhugowaard,PC545,23,11798959,1,17-11-25,17-11-25,17-11-25,14-11-25,Friday
564921,OCNH,Heerhugowaard,PC545,19.5,11776709,1,17-11-25,17-11-25,17-11-25,14-11-25,Friday
564921,OCNH,Heerhugowaard,PC545,27,11675845,1,17-11-25,17-11-25,17-11-25,14-11-25,Friday
564921,OCNH,Heerhugowaard,PC545,26.5,11774705,1,17-11-25,17-11-25,17-11-25,14-11-25,Friday
564921,OCNH,Heerhugowaard,PC545,23,11798995,1,17-11-25,17-11-25,17-11-25,14-11-25,Friday
564921,OCNH,Heerhugowaard,PC545,18,11802507,1,17-11-25,17-11-25,17-11-25,14-11-25,Friday
564921,OCNH,Heerhugowaard,PC545,24,11776556,1,17-11-25,17-11-25,17-11-25,14-11-25,Friday
564921,OCNH,Heerhugowaard,PC545,20.5,11814016,1,17-11-25,17-11-25,17-11-25,14-11-25,Friday
564921,OCNH,Heerhugowaard,PC545,20,11810049,1,17-11-25,17-11-25,17-11-25,14-11-25,Friday
564925,OCNH,Heerhugowaard,PC545,19,11809981,1,17-11-25,17-11-25,17-11-25,15-11-25,Saturday
564925,OCNH,Heerhugowaard,PC545,17.5,11754077,1,17-11-25,17-11-25,17-11-25,15-11-25,Saturday
564925,OCNH,Heerhugowaard,PC545,21.5,11796712,1,17-11-25,17-11-25,17-11-25,15-11-25,Saturday
564925,OCNH,Heerhugowaard,PC545,21,11811942,1,17-11-25,17-11-25,17-11-25,15-11-25,Saturday
564925,OCNH,Heerhugowaard,PC545,21,11804537,1,17-11-25,17-11-25,17-11-25,15-11-25,Saturday
564925,OCNH,Heerhugowaard,PC545,20.5,11814022,1,17-11-25,17-11-25,17-11-25,15-11-25,Saturday
564925,OCNH,Heerhugowaard,PC545,22.5,11807600,1,17-11-25,17-11-25,17-11-25,15-11-25,Saturday
564925,OCNH,Heerhugowaard,PC545,24.5,11776356,1,17-11-25,17-11-25,17-11-25,15-11-25,Saturday
564925,OCNH,Heerhugowaard,PC545,23,11798945,1,17-11-25,17-11-25,17-11-25,15-11-25,Saturday
564925,OCNH,Heerhugowaard,PC545,22.5,11807626,1,17-11-25,17-11-25,17-11-25,15-11-25,Saturday
564925,OCNH,Heerhugowaard,PC545,20.5,11814006,1,17-11-25,17-11-25,17-11-25,15-11-25,Saturday
564925,OCNH,Heerhugowaard,PC545,21,11811868,1,17-11-25,17-11-25,17-11-25,15-11-25,Saturday
564925,OCNH,Heerhugowaard,PC545,20,11810053,1,17-11-25,17-11-25,17-11-25,15-11-25,Saturday
564925,OCNH,Heerhugowaard,PC545,22.5,11807636,1,17-11-25,17-11-25,17-11-25,15-11-25,Saturday
564925,OCNH,Heerhugowaard,PC545,22.5,11807618,1,17-11-25,17-11-25,17-11-25,15-11-25,Saturday
564925,OCNH,Heerhugowaard,PC545,16.5,11780777,1,17-11-25,17-11-25,17-11-25,15-11-25,Saturday
564925,OCNH,Heerhugowaard,PC545,20,11810065,1,17-11-25,17-11-25,17-11-25,15-11-25,Saturday
564925,OCNH,Heerhugowaard,PC545,24.5,11776346,1,17-11-25,17-11-25,17-11-25,15-11-25,Saturday
564925,OCNH,Heerhugowaard,PC545,22,11816472,1,17-11-25,17-11-25,17-11-25,15-11-25,Saturday
564925,OCNH,Heerhugowaard,PC545,21,11811932,1,17-11-25,17-11-25,17-11-25,15-11-25,Saturday
564990,OCNH,Heerhugowaard,PC545,21,11811881,1,18-11-25,18-11-25,18-11-25,17-11-25,Monday
564990,OCNH,Heerhugowaard,PC545,20.5,11813993,1,18-11-25,18-11-25,18-11-25,17-11-25,Monday
564990,OCNH,Heerhugowaard,PC545,22,11816450,1,18-11-25,18-11-25,18-11-25,17-11-25,Monday
564990,OCNH,Heerhugowaard,PC545,22,11816443,1,18-11-25,18-11-25,18-11-25,17-11-25,Monday
564990,OCNH,Heerhugowaard,PC545,20.5,11813974,1,18-11-25,18-11-25,18-11-25,17-11-25,Monday
564990,OCNH,Heerhugowaard,PC545,20,11810057,1,18-11-25,18-11-25,18-11-25,17-11-25,Monday
564990,OCNH,Heerhugowaard,PC545,21.5,11796716,1,18-11-25,18-11-25,18-11-25,17-11-25,Monday
564990,OCNH,Heerhugowaard,PC545,21.5,11796708,1,18-11-25,18-11-25,18-11-25,17-11-25,Monday
564990,OCNH,Heerhugowaard,PC545,21.5,11796759,1,18-11-25,18-11-25,18-11-25,17-11-25,Monday
564990,OCNH,Heerhugowaard,PC545,19.5,11789335,1,18-11-25,18-11-25,18-11-25,17-11-25,Monday
564990,OCNH,Heerhugowaard,PC545,20,11810037,1,18-11-25,18-11-25,18-11-25,17-11-25,Monday
564990,OCNH,Heerhugowaard,PC545,20,11810079,1,18-11-25,18-11-25,18-11-25,17-11-25,Monday
564990,OCNH,Heerhugowaard,PC545,21,11811880,1,18-11-25,18-11-25,18-11-25,17-11-25,Monday
564990,OCNH,Heerhugowaard,PC545,23,11798967,1,18-11-25,18-11-25,18-11-25,17-11-25,Monday
564990,OCNH,Heerhugowaard,PC545,24.5,11776368,1,18-11-25,18-11-25,18-11-25,17-11-25,Monday
564990,OCNH,Heerhugowaard,PC545,20,11810075,1,18-11-25,18-11-25,18-11-25,17-11-25,Monday
565160,OCNH,Heerhugowaard,PC545,24.5,11776416,1,20-11-25,20-11-25,20-11-25,19-11-25,Wednesday
565160,OCNH,Heerhugowaard,PC545,23.5,11793090,1,20-11-25,20-11-25,20-11-25,19-11-25,Wednesday
565160,OCNH,Heerhugowaard,PC545,17.5,11754147,1,20-11-25,20-11-25,20-11-25,19-11-25,Wednesday
565160,OCNH,Heerhugowaard,PC545,16,11783120,1,20-11-25,20-11-25,20-11-25,19-11-25,Wednesday
565160,OCNH,Heerhugowaard,PC545,23,11798936,1,20-11-25,20-11-25,20-11-25,19-11-25,Wednesday
565160,OCNH,Heerhugowaard,PC545,23.5,11793057,1,20-11-25,20-11-25,20-11-25,19-11-25,Wednesday
565160,OCNH,Heerhugowaard,PC545,16.5,11780821,1,20-11-25,20-11-25,20-11-25,19-11-25,Wednesday
565160,OCNH,Heerhugowaard,PC545,16.5,11780869,1,20-11-25,20-11-25,20-11-25,19-11-25,Wednesday
565160,OCNH,Heerhugowaard,PC545,35,11040948,1,20-11-25,20-11-25,20-11-25,19-11-25,Wednesday
565160,OCNH,Heerhugowaard,PC545,18,11802456,1,20-11-25,20-11-25,20-11-25,19-11-25,Wednesday
565160,OCNH,Heerhugowaard,PC545,22.5,11807573,1,20-11-25,20-11-25,20-11-25,19-11-25,Wednesday
565160,OCNH,Heerhugowaard,PC545,11.5,11550426,1,20-11-25,20-11-25,20-11-25,19-11-25,Wednesday
565160,OCNH,Heerhugowaard,PC545,14,11788256,1,20-11-25,20-11-25,20-11-25,19-11-25,Wednesday
565160,OCNH,Heerhugowaard,PC545,24.5,11776351,1,20-11-25,20-11-25,20-11-25,19-11-25,Wednesday
565160,OCNH,Heerhugowaard,PC545,22,11816427,1,20-11-25,20-11-25,20-11-25,19-11-25,Wednesday
565160,OCNH,Heerhugowaard,PC545,19.5,11789343,1,20-11-25,20-11-25,20-11-25,19-11-25,Wednesday
565160,OCNH,Heerhugowaard,PC545,19.5,11789338,1,20-11-25,20-11-25,20-11-25,19-11-25,Wednesday
565160,OCNH,Heerhugowaard,PC545,20.5,11814034,1,20-11-25,20-11-25,20-11-25,19-11-25,Wednesday
565162,OCNH,Heerhugowaard,PC545,24.5,11776383,1,20-11-25,20-11-25,20-11-25,18-11-25,Tuesday
565162,OCNH,Heerhugowaard,PC545,25.5,11736087,1,20-11-25,20-11-25,20-11-25,18-11-25,Tuesday
565162,OCNH,Heerhugowaard,PC545,22.5,11807561,1,20-11-25,20-11-25,20-11-25,18-11-25,Tuesday
565162,OCNH,Heerhugowaard,PC545,24.5,11776358,1,20-11-25,20-11-25,20-11-25,18-11-25,Tuesday
565162,OCNH,Heerhugowaard,PC545,20,11810035,1,20-11-25,20-11-25,20-11-25,18-11-25,Tuesday
565162,OCNH,Heerhugowaard,PC545,20,11810050,1,20-11-25,20-11-25,20-11-25,18-11-25,Tuesday
565162,OCNH,Heerhugowaard,PC545,23,11793345,1,20-11-25,20-11-25,20-11-25,18-11-25,Tuesday
565162,OCNH,Heerhugowaard,PC545,22,11816478,1,20-11-25,20-11-25,20-11-25,18-11-25,Tuesday
565162,OCNH,Heerhugowaard,PC545,22,11816445,1,20-11-25,20-11-25,20-11-25,18-11-25,Tuesday
565162,OCNH,Heerhugowaard,PC545,6,11569908,1,20-11-25,20-11-25,20-11-25,18-11-25,Tuesday
565162,OCNH,Heerhugowaard,PC545,5,11570652,1,20-11-25,20-11-25,20-11-25,18-11-25,Tuesday
565262,OCNH,Heerhugowaard,PC545,21.5,11796758,1,21-11-25,21-11-25,21-11-25,20-11-25,Thursday
565262,OCNH,Heerhugowaard,PC545,21,11811884,1,21-11-25,21-11-25,21-11-25,20-11-25,Thursday
565262,OCNH,Heerhugowaard,PC545,17.5,11754099,1,21-11-25,21-11-25,21-11-25,20-11-25,Thursday
565262,OCNH,Heerhugowaard,PC545,22,11816462,1,21-11-25,21-11-25,21-11-25,20-11-25,Thursday
565262,OCNH,Heerhugowaard,PC545,17.5,11754112,1,21-11-25,21-11-25,21-11-25,20-11-25,Thursday
565262,OCNH,Heerhugowaard,PC545,23,11798935,1,21-11-25,21-11-25,21-11-25,20-11-25,Thursday
565262,OCNH,Heerhugowaard,PC545,22.5,11807623,1,21-11-25,21-11-25,21-11-25,20-11-25,Thursday
565262,OCNH,Heerhugowaard,PC545,19.5,11789370,1,21-11-25,21-11-25,21-11-25,20-11-25,Thursday
565262,OCNH,Heerhugowaard,PC545,19.5,11789369,1,21-11-25,21-11-25,21-11-25,20-11-25,Thursday
565262,OCNH,Heerhugowaard,PC545,17,11771999,1,21-11-25,21-11-25,21-11-25,20-11-25,Thursday
565262,OCNH,Heerhugowaard,PC545,19,11809955,1,21-11-25,21-11-25,21-11-25,20-11-25,Thursday
565262,OCNH,Heerhugowaard,PC545,19.5,11789348,1,21-11-25,21-11-25,21-11-25,20-11-25,Thursday
565262,OCNH,Heerhugowaard,PC545,23,11793340,1,21-11-25,21-11-25,21-11-25,20-11-25,Thursday
565262,OCNH,Heerhugowaard,PC545,20,11810036,1,21-11-25,21-11-25,21-11-25,20-11-25,Thursday
565262,OCNH,Heerhugowaard,PC545,21,11811875,1,21-11-25,21-11-25,21-11-25,20-11-25,Thursday
565262,OCNH,Heerhugowaard,PC545,18.5,11810123,1,21-11-25,21-11-25,21-11-25,20-11-25,Thursday
565262,OCNH,Heerhugowaard,PC545,19,11809943,1,21-11-25,21-11-25,21-11-25,20-11-25,Thursday
565262,OCNH,Heerhugowaard,PC545,14,11788259,1,21-11-25,21-11-25,21-11-25,20-11-25,Thursday
565262,OCNH,Heerhugowaard,PC545,17,11772026,1,21-11-25,21-11-25,21-11-25,20-11-25,Thursday
565262,OCNH,Heerhugowaard,PC545,22.5,11807614,1,21-11-25,21-11-25,21-11-25,20-11-25,Thursday
565262,OCNH,Heerhugowaard,PC545,22,11816421,1,21-11-25,21-11-25,21-11-25,20-11-25,Thursday
565262,OCNH,Heerhugowaard,PC545,22,11816432,1,21-11-25,21-11-25,21-11-25,20-11-25,Thursday
565262,OCNH,Heerhugowaard,PC545,22.5,11807645,1,21-11-25,21-11-25,21-11-25,20-11-25,Thursday
565262,OCNH,Heerhugowaard,PC545,30,11057157,1,21-11-25,21-11-25,21-11-25,20-11-25,Thursday
565262,OCNH,Heerhugowaard,PC545,19.5,11789386,1,21-11-25,21-11-25,21-11-25,20-11-25,Thursday
565262,OCNH,Heerhugowaard,PC545,20.5,11837009,1,21-11-25,21-11-25,21-11-25,20-11-25,Thursday
565262,OCNH,Heerhugowaard,PC545,20.5,11813955,1,21-11-25,21-11-25,21-11-25,20-11-25,Thursday
565262,OCNH,Heerhugowaard,PC545,19.5,11789322,1,21-11-25,21-11-25,21-11-25,20-11-25,Thursday
565262,OCNH,Heerhugowaard,PC545,18.5,11810120,1,21-11-25,21-11-25,21-11-25,20-11-25,Thursday
565262,OCNH,Heerhugowaard,PC545,21,11811862,1,21-11-25,21-11-25,21-11-25,20-11-25,Thursday
565262,OCNH,Heerhugowaard,PC545,22.5,11807644,1,21-11-25,21-11-25,21-11-25,20-11-25,Thursday
565262,OCNH,Heerhugowaard,PC545,21.5,11796784,1,21-11-25,21-11-25,21-11-25,20-11-25,Thursday
565262,OCNH,Heerhugowaard,PC545,21.5,11796791,1,21-11-25,21-11-25,21-11-25,20-11-25,Thursday
565432,OCNH,Heerhugowaard,PC545,22,11816426,1,25-11-25,25-11-25,25-11-25,24-11-25,Monday
565432,OCNH,Heerhugowaard,PC545,21,11811888,1,25-11-25,25-11-25,25-11-25,24-11-25,Monday
565432,OCNH,Heerhugowaard,PC545,23,11799008,1,25-11-25,25-11-25,25-11-25,24-11-25,Monday
565432,OCNH,Heerhugowaard,PC545,20.5,11837001,1,25-11-25,25-11-25,25-11-25,24-11-25,Monday
565432,OCNH,Heerhugowaard,PC545,21,11811906,1,25-11-25,25-11-25,25-11-25,24-11-25,Monday
565432,OCNH,Heerhugowaard,PC545,15.5,11738960,1,25-11-25,25-11-25,25-11-25,24-11-25,Monday
565432,OCNH,Heerhugowaard,PC545,24,11776554,1,25-11-25,25-11-25,25-11-25,24-11-25,Monday
565432,OCNH,Heerhugowaard,PC545,21.5,11796794,1,25-11-25,25-11-25,25-11-25,24-11-25,Monday
565432,OCNH,Heerhugowaard,PC545,32,11285409,1,25-11-25,25-11-25,25-11-25,24-11-25,Monday
565432,OCNH,Heerhugowaard,PC545,22,11816491,1,25-11-25,25-11-25,25-11-25,24-11-25,Monday
565432,OCNH,Heerhugowaard,PC545,22,11816419,1,25-11-25,25-11-25,25-11-25,24-11-25,Monday
565432,OCNH,Heerhugowaard,PC545,23,11793286,1,25-11-25,25-11-25,25-11-25,24-11-25,Monday
565432,OCNH,Heerhugowaard,PC545,23,11793341,1,25-11-25,25-11-25,25-11-25,24-11-25,Monday
565432,OCNH,Heerhugowaard,PC545,19.5,11789379,1,25-11-25,25-11-25,25-11-25,24-11-25,Monday
565432,OCNH,Heerhugowaard,PC545,19.5,11789373,1,25-11-25,25-11-25,25-11-25,24-11-25,Monday
565432,OCNH,Heerhugowaard,PC545,18.5,11810164,1,25-11-25,25-11-25,25-11-25,24-11-25,Monday
565432,OCNH,Heerhugowaard,PC545,18.5,11810099,1,25-11-25,25-11-25,25-11-25,24-11-25,Monday
565746,OCNH,Heerhugowaard,PC545,16.5,11780804,1,28-11-25,28-11-25,28-11-25,27-11-25,Thursday
565746,OCNH,Heerhugowaard,PC545,14.5,11787033,1,28-11-25,28-11-25,28-11-25,27-11-25,Thursday
565746,OCNH,Heerhugowaard,PC545,22.5,11807630,1,28-11-25,28-11-25,28-11-25,27-11-25,Thursday
565746,OCNH,Heerhugowaard,PC545,23.5,11793077,1,28-11-25,28-11-25,28-11-25,27-11-25,Thursday
565746,OCNH,Heerhugowaard,PC545,24,11776566,1,28-11-25,28-11-25,28-11-25,27-11-25,Thursday
565746,OCNH,Heerhugowaard,PC545,18.5,11810160,1,28-11-25,28-11-25,28-11-25,27-11-25,Thursday
565746,OCNH,Heerhugowaard,PC545,20.5,11837024,1,28-11-25,28-11-25,28-11-25,27-11-25,Thursday
565746,OCNH,Heerhugowaard,PC545,20.5,11837038,1,28-11-25,28-11-25,28-11-25,27-11-25,Thursday
565746,OCNH,Heerhugowaard,PC545,20,11810043,1,28-11-25,28-11-25,28-11-25,27-11-25,Thursday
565746,OCNH,Heerhugowaard,PC545,22,11816489,1,28-11-25,28-11-25,28-11-25,27-11-25,Thursday
565746,OCNH,Heerhugowaard,PC545,22,11816448,1,28-11-25,28-11-25,28-11-25,27-11-25,Thursday
565746,OCNH,Heerhugowaard,PC545,23.5,11793091,1,28-11-25,28-11-25,28-11-25,27-11-25,Thursday
565746,OCNH,Heerhugowaard,PC545,23,11793310,1,28-11-25,28-11-25,28-11-25,27-11-25,Thursday
565746,OCNH,Heerhugowaard,PC545,18.5,11810107,1,28-11-25,28-11-25,28-11-25,27-11-25,Thursday
565746,OCNH,Heerhugowaard,PC545,22,11816458,1,28-11-25,28-11-25,28-11-25,27-11-25,Thursday
565746,OCNH,Heerhugowaard,PC545,19.5,11789341,1,28-11-25,28-11-25,28-11-25,27-11-25,Thursday
565746,OCNH,Heerhugowaard,PC545,22.5,11807613,1,28-11-25,28-11-25,28-11-25,27-11-25,Thursday
565746,OCNH,Heerhugowaard,PC545,23,11798978,1,28-11-25,28-11-25,28-11-25,27-11-25,Thursday
565837,OCNH,Heerhugowaard,PC545,24.5,11776339,1,01-12-25,01-12-25,01-12-25,29-11-25,Saturday
565837,OCNH,Heerhugowaard,PC545,27,11730988,1,01-12-25,01-12-25,01-12-25,29-11-25,Saturday
565837,OCNH,Heerhugowaard,PC545,20.5,11607725,1,01-12-25,01-12-25,01-12-25,29-11-25,Saturday
565837,OCNH,Heerhugowaard,PC545,33,11135382,1,01-12-25,01-12-25,01-12-25,29-11-25,Saturday
565837,OCNH,Heerhugowaard,PC545,15,11782964,1,01-12-25,01-12-25,01-12-25,29-11-25,Saturday
565837,OCNH,Heerhugowaard,PC545,17.5,11754123,1,01-12-25,01-12-25,01-12-25,29-11-25,Saturday
565837,OCNH,Heerhugowaard,PC545,21.5,11796766,1,01-12-25,01-12-25,01-12-25,29-11-25,Saturday
565837,OCNH,Heerhugowaard,PC545,18.5,11810161,1,01-12-25,01-12-25,01-12-25,29-11-25,Saturday
565837,OCNH,Heerhugowaard,PC545,17,11772032,1,01-12-25,01-12-25,01-12-25,29-11-25,Saturday
565837,OCNH,Heerhugowaard,PC545,21,11811935,1,01-12-25,01-12-25,01-12-25,29-11-25,Saturday
565837,OCNH,Heerhugowaard,PC545,22,11816418,1,01-12-25,01-12-25,01-12-25,29-11-25,Saturday
565837,OCNH,Heerhugowaard,PC545,23,11816838,1,01-12-25,01-12-25,01-12-25,29-11-25,Saturday
565837,OCNH,Heerhugowaard,PC545,18.5,11810104,1,01-12-25,01-12-25,01-12-25,29-11-25,Saturday
565837,OCNH,Heerhugowaard,PC545,19.5,11813776,1,01-12-25,01-12-25,01-12-25,29-11-25,Saturday
565837,OCNH,Heerhugowaard,PC545,19,11809959,1,01-12-25,01-12-25,01-12-25,29-11-25,Saturday
565837,OCNH,Heerhugowaard,PC545,21,11811921,1,01-12-25,01-12-25,01-12-25,29-11-25,Saturday
565837,OCNH,Heerhugowaard,PC545,20.5,11607711,1,01-12-25,01-12-25,01-12-25,29-11-25,Saturday
565837,OCNH,Heerhugowaard,PC545,21,11811930,1,01-12-25,01-12-25,01-12-25,29-11-25,Saturday
565839,OCNH,Heerhugowaard,PC545,25.5,11736053,1,01-12-25,01-12-25,01-12-25,28-11-25,Friday
565839,OCNH,Heerhugowaard,PC545,18.5,11810119,1,01-12-25,01-12-25,01-12-25,28-11-25,Friday
565839,OCNH,Heerhugowaard,PC545,29,11607755,1,01-12-25,01-12-25,01-12-25,28-11-25,Friday
565839,OCNH,Heerhugowaard,PC545,22.5,11807596,1,01-12-25,01-12-25,01-12-25,28-11-25,Friday
565839,OCNH,Heerhugowaard,PC545,25,11794981,1,01-12-25,01-12-25,01-12-25,28-11-25,Friday
565839,OCNH,Heerhugowaard,PC545,19.5,11789376,1,01-12-25,01-12-25,01-12-25,28-11-25,Friday
565839,OCNH,Heerhugowaard,PC545,23,11799004,1,01-12-25,01-12-25,01-12-25,28-11-25,Friday
565839,OCNH,Heerhugowaard,PC545,22.5,11807646,1,01-12-25,01-12-25,01-12-25,28-11-25,Friday
565839,OCNH,Heerhugowaard,PC545,21,11811911,1,01-12-25,01-12-25,01-12-25,28-11-25,Friday
565839,OCNH,Heerhugowaard,PC545,19.5,11789385,1,01-12-25,01-12-25,01-12-25,28-11-25,Friday
565839,OCNH,Heerhugowaard,PC545,20,11810033,1,01-12-25,01-12-25,01-12-25,28-11-25,Friday
565839,OCNH,Heerhugowaard,PC545,17,11772056,1,01-12-25,01-12-25,01-12-25,28-11-25,Friday
565839,OCNH,Heerhugowaard,PC545,19,11809947,1,01-12-25,01-12-25,01-12-25,28-11-25,Friday
565839,OCNH,Heerhugowaard,PC545,19,11809923,1,01-12-25,01-12-25,01-12-25,28-11-25,Friday
565839,OCNH,Heerhugowaard,PC545,20,11810011,1,01-12-25,01-12-25,01-12-25,28-11-25,Friday
565839,OCNH,Heerhugowaard,PC545,22.5,11816064,1,01-12-25,01-12-25,01-12-25,28-11-25,Friday
